description,category
Reporting an issue - a consultancy invoice was split into smaller amounts to stay under the approval limit. It started after the reorganisation in the spring.,CORRUPTION
I want to report that a senior manager has been singling out one colleague for months. This has been going on for several weeks.,HARASSMENT
The canteen supplier was changed without anyone being consulted.,OTHER
Our overtime recording is causing confusion across two departments. It started after the reorganisation in the spring.,OTHER
Please look into this. the vendor selection was signed off twice for the same work. I have screenshots but I am not comfortable attaching them.,CORRUPTION
I need to raise a concern: a consultancy invoice was awarded without any tender process. I have screenshots but I am not comfortable attaching them.,CORRUPTION
A supplier contract was approved without receipts or any second signature. This has been going on for several weeks.,CORRUPTION
Please look into this. an administrator password has not been rotated since the last incident. I have screenshots but I am not comfortable attaching them.,SECURITY
The vendor selection was awarded without any tender process. Several people on the team have noticed the same thing.,CORRUPTION
The nightly export produces totals that do not match the ledger. This has been going on for several weeks.,TECHNICAL
I need to raise a concern: the nightly export returns duplicated rows for some accounts. It started after the reorganisation in the spring.,TECHNICAL
Please look into this. the canteen supplier was changed without anyone being consulted. I raised it with my line manager and nothing changed.,OTHER
Our overtime recording has not been updated since the merger. I raised it with my line manager and nothing changed.,OTHER
I want to report that the signing certificate is being shared in a public chat channel. This has been going on for several weeks.,SECURITY
Access logs for the payments system has been reused across three separate systems. This has been going on for several weeks.,SECURITY
I need to raise a concern: production database credentials has not been rotated since the last incident. I am reporting this anonymously because I am worried about retaliation.,SECURITY
I need to raise a concern: the building access policy contradicts the policy published on the intranet.,OTHER
Please look into this. an unencrypted backup has been reused across three separate systems. I have screenshots but I am not comfortable attaching them.,SECURITY
Please look into this. someone on the operations floor excludes one person from every meeting deliberately. It started after the reorganisation in the spring.,HARASSMENT
The payment reconciliation job times out whenever the queue goes above a thousand items. Several people on the team have noticed the same thing.,TECHNICAL
An administrator password was left readable on a shared drive. I have screenshots but I am not comfortable attaching them.,SECURITY
I need to raise a concern: the nightly export drops records without logging anything. Several people on the team have noticed the same thing.,TECHNICAL
Reporting an issue - the staff handbook does not match what staff were told at the last briefing. I raised it with my line manager and nothing changed.,OTHER
I need to raise a concern: an unencrypted backup is still active for someone who left last year. This has been going on for several weeks.,SECURITY
I need to raise a concern: the signing certificate has been reused across three separate systems. Several people on the team have noticed the same thing.,SECURITY
Reporting an issue - the reporting dashboard has been failing silently every night for two weeks. This has been going on for several weeks.,TECHNICAL
"Expenses are approved by whoever is on shift rather than a manager, so people effectively sign off their own claims.",CORRUPTION
I need to raise a concern: someone on the operations floor excludes one person from every meeting deliberately.,HARASSMENT
I want to report that the canteen supplier has not been updated since the merger. I raised it with my line manager and nothing changed.,OTHER
Please look into this. a consultancy invoice was signed off twice for the same work. This has been going on for several weeks.,CORRUPTION
I want to report that the recycling contract was changed without anyone being consulted. This has been going on for several weeks.,OTHER
I need to raise a concern: a parking allocation is causing confusion across two departments. It started after the reorganisation in the spring.,OTHER
I need to raise a concern: an unencrypted backup has been reused across three separate systems.,SECURITY
I want to report that a team lead shouts at junior staff in front of the team. I am reporting this anonymously because I am worried about retaliation.,HARASSMENT
Reporting an issue - a supplier contract was approved without receipts or any second signature. I have screenshots but I am not comfortable attaching them.,CORRUPTION
I want to report that the canteen supplier was changed without anyone being consulted. This has been going on for several weeks.,OTHER
Please look into this. a consultancy invoice was approved without receipts or any second signature. This has been going on for several weeks.,CORRUPTION
Reporting an issue - the customer data export has not been rotated since the last incident.,SECURITY
I need to raise a concern: an unencrypted backup is still active for someone who left last year. Several people on the team have noticed the same thing.,SECURITY
I want to report that the recycling contract contradicts the policy published on the intranet. I am reporting this anonymously because I am worried about retaliation.,OTHER
I need to raise a concern: a supplier contract was approved without receipts or any second signature. I am reporting this anonymously because I am worried about retaliation.,CORRUPTION
Please look into this. the recycling contract does not match what staff were told at the last briefing. I am reporting this anonymously because I am worried about retaliation.,OTHER
Reporting an issue - a colleague in my department keeps making comments about a colleague's appearance. I have screenshots but I am not comfortable attaching them.,HARASSMENT
A colleague in my department has been singling out one colleague for months. Several people on the team have noticed the same thing.,HARASSMENT
I want to report that our overtime recording seems to be applied differently depending on the team.,OTHER
I need to raise a concern: a facilities tender went to a company owned by a relative of the approver. I have screenshots but I am not comfortable attaching them.,CORRUPTION
I want to report that the invoice generator returns duplicated rows for some accounts. This has been going on for several weeks.,TECHNICAL
"Overtime is being recorded on a spreadsheet that anyone can edit, and the totals people submit do not match what is approved.",OTHER
I need to raise a concern: a facilities tender was signed off twice for the same work. This has been going on for several weeks.,CORRUPTION
I need to raise a concern: a colleague in my department has been singling out one colleague for months. It started after the reorganisation in the spring.,HARASSMENT
Please look into this. the signing certificate is still active for someone who left last year. Several people on the team have noticed the same thing.,SECURITY
I want to report that the canteen supplier does not match what staff were told at the last briefing.,OTHER
The procurement process went to a company owned by a relative of the approver.,CORRUPTION
I need to raise a concern: an unencrypted backup has been reused across three separate systems.,SECURITY
A colleague in my department excludes one person from every meeting deliberately. I raised it with my line manager and nothing changed.,HARASSMENT
A parking allocation was changed without anyone being consulted. I raised it with my line manager and nothing changed.,OTHER
Our overtime recording contradicts the policy published on the intranet. I raised it with my line manager and nothing changed.,OTHER
The internal API keys is still active for someone who left last year. I am reporting this anonymously because I am worried about retaliation.,SECURITY
I want to report that the internal API keys was left readable on a shared drive. I am reporting this anonymously because I am worried about retaliation.,SECURITY
The canteen supplier is causing confusion across two departments. I have screenshots but I am not comfortable attaching them.,OTHER
I need to raise a concern: our overtime recording has not been updated since the merger.,OTHER
I need to raise a concern: the order processing queue drops records without logging anything. I am reporting this anonymously because I am worried about retaliation.,TECHNICAL
I need to raise a concern: a consultancy invoice was awarded without any tender process. I raised it with my line manager and nothing changed.,CORRUPTION
I need to raise a concern: a parking allocation does not match what staff were told at the last briefing. Several people on the team have noticed the same thing.,OTHER
Please look into this. a senior manager shouts at junior staff in front of the team. This has been going on for several weeks.,HARASSMENT
I need to raise a concern: the invoice generator produces totals that do not match the ledger. I raised it with my line manager and nothing changed.,TECHNICAL
I want to report that a parking allocation was changed without anyone being consulted. This has been going on for several weeks.,OTHER
The nightly export shows stale numbers after every deployment. I have screenshots but I am not comfortable attaching them.,TECHNICAL
"Someone from the supplier still has a badge for the server room months after the contract ended, and nobody will say who authorised it.",SECURITY
I need to raise a concern: a supervisor on the night shift repeatedly makes demeaning remarks in team meetings. I raised it with my line manager and nothing changed.,HARASSMENT
Production database credentials was left readable on a shared drive. This has been going on for several weeks.,SECURITY
Reporting an issue - a parking allocation is causing confusion across two departments. It started after the reorganisation in the spring.,OTHER
An administrator password has not been rotated since the last incident. I raised it with my line manager and nothing changed.,SECURITY
Please look into this. someone on the operations floor repeatedly makes demeaning remarks in team meetings.,HARASSMENT
Please look into this. the order processing queue times out whenever the queue goes above a thousand items. This has been going on for several weeks.,TECHNICAL
Please look into this. a senior manager excludes one person from every meeting deliberately. I raised it with my line manager and nothing changed.,HARASSMENT
I need to raise a concern: the building access policy was changed without anyone being consulted. I raised it with my line manager and nothing changed.,OTHER
I need to raise a concern: a parking allocation does not match what staff were told at the last briefing. I raised it with my line manager and nothing changed.,OTHER
Please look into this. a supervisor on the night shift has threatened people's shifts when they disagree.,HARASSMENT
I need to raise a concern: the staff handbook does not match what staff were told at the last briefing. Several people on the team have noticed the same thing.,OTHER
The order processing queue has been failing silently every night for two weeks.,TECHNICAL
I need to raise a concern: production database credentials was posted to a group anyone can join. Several people on the team have noticed the same thing.,SECURITY
Please look into this. the customer search page produces totals that do not match the ledger. I raised it with my line manager and nothing changed.,TECHNICAL
Reporting an issue - the customer data export was left readable on a shared drive. I have screenshots but I am not comfortable attaching them.,SECURITY
Please look into this. the procurement process was split into smaller amounts to stay under the approval limit. It started after the reorganisation in the spring.,CORRUPTION
Please look into this. the canteen supplier has not been updated since the merger. I have screenshots but I am not comfortable attaching them.,OTHER
An unencrypted backup is being shared in a public chat channel. This has been going on for several weeks.,SECURITY
I want to report that a facilities tender went to a company owned by a relative of the approver. This has been going on for several weeks.,CORRUPTION
A facilities tender was decided after a weekend trip paid by the supplier.,CORRUPTION
Access logs for the payments system was posted to a group anyone can join. This has been going on for several weeks.,SECURITY
Reporting an issue - the signing certificate is still active for someone who left last year. It started after the reorganisation in the spring.,SECURITY
Please look into this. the order processing queue has been failing silently every night for two weeks. I have screenshots but I am not comfortable attaching them.,TECHNICAL
Please look into this. a consultancy invoice was awarded without any tender process. It started after the reorganisation in the spring.,CORRUPTION
I need to raise a concern: the nightly export returns duplicated rows for some accounts. I raised it with my line manager and nothing changed.,TECHNICAL
Please look into this. the recycling contract contradicts the policy published on the intranet. Several people on the team have noticed the same thing.,OTHER
Please look into this. an expense claim was decided after a weekend trip paid by the supplier. I have screenshots but I am not comfortable attaching them.,CORRUPTION
Please look into this. the nightly export returns duplicated rows for some accounts. Several people on the team have noticed the same thing.,TECHNICAL
I want to report that the building access policy seems to be applied differently depending on the team.,OTHER
Reporting an issue - an unencrypted backup has not been rotated since the last incident. I raised it with my line manager and nothing changed.,SECURITY
I want to report that a parking allocation contradicts the policy published on the intranet. It started after the reorganisation in the spring.,OTHER
I want to report that the internal API keys was left readable on a shared drive.,SECURITY
I need to raise a concern: the recycling contract has not been updated since the merger. I raised it with my line manager and nothing changed.,OTHER
A parking allocation was changed without anyone being consulted. Several people on the team have noticed the same thing.,OTHER
Please look into this. access logs for the payments system is being shared in a public chat channel.,SECURITY
I need to raise a concern: a consultancy invoice was split into smaller amounts to stay under the approval limit. I am reporting this anonymously because I am worried about retaliation.,CORRUPTION
Reporting an issue - the building access policy is causing confusion across two departments. This has been going on for several weeks.,OTHER
"The invoice generator rounds every line up, which over a year adds up to a lot of money going to the wrong place. It might be deliberate.",TECHNICAL
The vendor selection was awarded without any tender process. I raised it with my line manager and nothing changed.,CORRUPTION
I need to raise a concern: the nightly export shows stale numbers after every deployment. I have screenshots but I am not comfortable attaching them.,TECHNICAL
Please look into this. someone on the operations floor repeatedly makes demeaning remarks in team meetings. This has been going on for several weeks.,HARASSMENT
Reporting an issue - the payment reconciliation job drops records without logging anything. This has been going on for several weeks.,TECHNICAL
I need to raise a concern: a facilities tender was awarded without any tender process. I have screenshots but I am not comfortable attaching them.,CORRUPTION
Reporting an issue - the internal API keys has been reused across three separate systems. I raised it with my line manager and nothing changed.,SECURITY
Please look into this. production database credentials has been reused across three separate systems. I have screenshots but I am not comfortable attaching them.,SECURITY
Production database credentials has been reused across three separate systems.,SECURITY
I want to report that our overtime recording seems to be applied differently depending on the team. Several people on the team have noticed the same thing.,OTHER
I need to raise a concern: a supervisor on the night shift excludes one person from every meeting deliberately.,HARASSMENT
The payment reconciliation job shows stale numbers after every deployment. I am reporting this anonymously because I am worried about retaliation.,TECHNICAL
Reporting an issue - the signing certificate is still active for someone who left last year. It started after the reorganisation in the spring.,SECURITY
Reporting an issue - the reporting dashboard has been failing silently every night for two weeks. Several people on the team have noticed the same thing.,TECHNICAL
Reporting an issue - a supplier contract was signed off twice for the same work. It started after the reorganisation in the spring.,CORRUPTION
Reporting an issue - production database credentials has not been rotated since the last incident.,SECURITY
I need to raise a concern: the recycling contract was changed without anyone being consulted. I am reporting this anonymously because I am worried about retaliation.,OTHER
Please look into this. the customer search page shows stale numbers after every deployment.,TECHNICAL
Please look into this. the nightly export drops records without logging anything. Several people on the team have noticed the same thing.,TECHNICAL
I need to raise a concern: the internal API keys was left readable on a shared drive. It started after the reorganisation in the spring.,SECURITY
Reporting an issue - a member of the leadership team has been singling out one colleague for months. It started after the reorganisation in the spring.,HARASSMENT
Access logs for the payments system was posted to a group anyone can join.,SECURITY
I need to raise a concern: the internal API keys is still active for someone who left last year. Several people on the team have noticed the same thing.,SECURITY
I want to report that a team lead shouts at junior staff in front of the team.,HARASSMENT
I need to raise a concern: the staff handbook contradicts the policy published on the intranet. This has been going on for several weeks.,OTHER
I want to report that the procurement process was signed off twice for the same work. I have screenshots but I am not comfortable attaching them.,CORRUPTION
Reporting an issue - an unencrypted backup is still active for someone who left last year. Several people on the team have noticed the same thing.,SECURITY
Reporting an issue - a parking allocation seems to be applied differently depending on the team. I raised it with my line manager and nothing changed.,OTHER
I want to report that the internal API keys is still active for someone who left last year. Several people on the team have noticed the same thing.,SECURITY
Please look into this. our overtime recording was changed without anyone being consulted. I am reporting this anonymously because I am worried about retaliation.,OTHER
I want to report that a supplier contract went to a company owned by a relative of the approver. I raised it with my line manager and nothing changed.,CORRUPTION
Please look into this. the order processing queue has been failing silently every night for two weeks. I am reporting this anonymously because I am worried about retaliation.,TECHNICAL
"Overtime is being recorded on a spreadsheet that anyone can edit, and the totals people submit do not match what is approved.",OTHER
A shared service account is still active for someone who left last year. I have screenshots but I am not comfortable attaching them.,SECURITY
Reporting an issue - our overtime recording contradicts the policy published on the intranet. This has been going on for several weeks.,OTHER
Please look into this. the staff handbook is causing confusion across two departments. I raised it with my line manager and nothing changed.,OTHER
The nightly export has been failing silently every night for two weeks. It started after the reorganisation in the spring.,TECHNICAL
Please look into this. production database credentials was posted to a group anyone can join. I have screenshots but I am not comfortable attaching them.,SECURITY
I need to raise a concern: a shared service account is still active for someone who left last year. Several people on the team have noticed the same thing.,SECURITY
Access logs for the payments system was posted to a group anyone can join. This has been going on for several weeks.,SECURITY
Please look into this. a team lead repeatedly makes demeaning remarks in team meetings. I am reporting this anonymously because I am worried about retaliation.,HARASSMENT
I need to raise a concern: a facilities tender was awarded without any tender process. I am reporting this anonymously because I am worried about retaliation.,CORRUPTION
The vendor selection was decided after a weekend trip paid by the supplier. I have screenshots but I am not comfortable attaching them.,CORRUPTION
I need to raise a concern: a colleague in my department has been singling out one colleague for months. It started after the reorganisation in the spring.,HARASSMENT
I need to raise a concern: a consultancy invoice went to a company owned by a relative of the approver. Several people on the team have noticed the same thing.,CORRUPTION
The canteen supplier is causing confusion across two departments. I raised it with my line manager and nothing changed.,OTHER
The payment reconciliation job produces totals that do not match the ledger. It started after the reorganisation in the spring.,TECHNICAL
Reporting an issue - a parking allocation seems to be applied differently depending on the team. I raised it with my line manager and nothing changed.,OTHER
I need to raise a concern: a senior manager has threatened people's shifts when they disagree. Several people on the team have noticed the same thing.,HARASSMENT
A shared service account has not been rotated since the last incident. I am reporting this anonymously because I am worried about retaliation.,SECURITY
Reporting an issue - a supplier contract went to a company owned by a relative of the approver. This has been going on for several weeks.,CORRUPTION
The payment reconciliation job produces totals that do not match the ledger. I have screenshots but I am not comfortable attaching them.,TECHNICAL
I need to raise a concern: the order processing queue drops records without logging anything. This has been going on for several weeks.,TECHNICAL
I want to report that the payment reconciliation job returns duplicated rows for some accounts. It started after the reorganisation in the spring.,TECHNICAL
I need to raise a concern: a parking allocation is causing confusion across two departments. It started after the reorganisation in the spring.,OTHER
I need to raise a concern: the canteen supplier has not been updated since the merger. I have screenshots but I am not comfortable attaching them.,OTHER
Please look into this. the recycling contract does not match what staff were told at the last briefing.,OTHER
Please look into this. the canteen supplier contradicts the policy published on the intranet.,OTHER
Please look into this. a supervisor on the night shift repeatedly makes demeaning remarks in team meetings. This has been going on for several weeks.,HARASSMENT
I need to raise a concern: the canteen supplier was changed without anyone being consulted. It started after the reorganisation in the spring.,OTHER
Please look into this. access logs for the payments system was posted to a group anyone can join. I am reporting this anonymously because I am worried about retaliation.,SECURITY
Reporting an issue - our overtime recording seems to be applied differently depending on the team. I am reporting this anonymously because I am worried about retaliation.,OTHER
The same supplier keeps winning every contract and their engineer still has an admin login to our systems.,CORRUPTION
The procurement process was approved without receipts or any second signature. This has been going on for several weeks.,CORRUPTION
"Overtime is being recorded on a spreadsheet that anyone can edit, and the totals people submit do not match what is approved.",OTHER
Reporting an issue - the procurement process was split into smaller amounts to stay under the approval limit. This has been going on for several weeks.,CORRUPTION
Reporting an issue - the recycling contract seems to be applied differently depending on the team.,OTHER
Please look into this. the reporting dashboard shows stale numbers after every deployment. This has been going on for several weeks.,TECHNICAL
Reporting an issue - the staff handbook does not match what staff were told at the last briefing.,OTHER
"Someone from the supplier still has a badge for the server room months after the contract ended, and nobody will say who authorised it.",SECURITY
The procurement process was signed off twice for the same work. This has been going on for several weeks.,CORRUPTION
Please look into this. the customer search page returns duplicated rows for some accounts. Several people on the team have noticed the same thing.,TECHNICAL
Reporting an issue - an administrator password is still active for someone who left last year.,SECURITY
I want to report that the invoice generator returns duplicated rows for some accounts. It started after the reorganisation in the spring.,TECHNICAL
I want to report that a supervisor on the night shift excludes one person from every meeting deliberately. This has been going on for several weeks.,HARASSMENT
Please look into this. a team lead keeps making comments about a colleague's appearance. I raised it with my line manager and nothing changed.,HARASSMENT
Please look into this. the canteen supplier has not been updated since the merger. I have screenshots but I am not comfortable attaching them.,OTHER
A colleague in my department excludes one person from every meeting deliberately. I raised it with my line manager and nothing changed.,HARASSMENT
Please look into this. the reporting dashboard times out whenever the queue goes above a thousand items. I raised it with my line manager and nothing changed.,TECHNICAL
I need to raise a concern: the order processing queue times out whenever the queue goes above a thousand items. I have screenshots but I am not comfortable attaching them.,TECHNICAL
I need to raise a concern: our overtime recording was changed without anyone being consulted. I raised it with my line manager and nothing changed.,OTHER
A colleague in my department has threatened people's shifts when they disagree. I am reporting this anonymously because I am worried about retaliation.,HARASSMENT
Reporting an issue - the signing certificate was left readable on a shared drive. It started after the reorganisation in the spring.,SECURITY
Reporting an issue - the vendor selection went to a company owned by a relative of the approver. I raised it with my line manager and nothing changed.,CORRUPTION
The customer search page returns duplicated rows for some accounts. Several people on the team have noticed the same thing.,TECHNICAL
Please look into this. the signing certificate has been reused across three separate systems. I raised it with my line manager and nothing changed.,SECURITY
The same supplier keeps winning every contract and their engineer still has an admin login to our systems.,SECURITY
I need to raise a concern: the staff handbook was changed without anyone being consulted. I raised it with my line manager and nothing changed.,OTHER
Reporting an issue - a member of the leadership team has threatened people's shifts when they disagree. I am reporting this anonymously because I am worried about retaliation.,HARASSMENT
I want to report that the internal API keys has been reused across three separate systems. This has been going on for several weeks.,SECURITY
I want to report that the staff handbook has not been updated since the merger. I am reporting this anonymously because I am worried about retaliation.,OTHER
I need to raise a concern: our overtime recording has not been updated since the merger. I am reporting this anonymously because I am worried about retaliation.,OTHER
The customer search page produces totals that do not match the ledger. I am reporting this anonymously because I am worried about retaliation.,TECHNICAL
I want to report that the recycling contract seems to be applied differently depending on the team. Several people on the team have noticed the same thing.,OTHER
I need to raise a concern: production database credentials was posted to a group anyone can join. I am reporting this anonymously because I am worried about retaliation.,SECURITY
Reporting an issue - the canteen supplier is causing confusion across two departments. This has been going on for several weeks.,OTHER
"The access control list on the reporting dashboard resets every deployment, so for about an hour anyone in the company can see payroll figures. I think it is a bug rather than anything deliberate.",TECHNICAL
I need to raise a concern: our overtime recording is causing confusion across two departments. I raised it with my line manager and nothing changed.,OTHER
I need to raise a concern: the signing certificate was posted to a group anyone can join. Several people on the team have noticed the same thing.,SECURITY
Please look into this. the customer search page times out whenever the queue goes above a thousand items. It started after the reorganisation in the spring.,TECHNICAL
Reporting an issue - production database credentials was left readable on a shared drive. Several people on the team have noticed the same thing.,SECURITY
Our overtime recording was changed without anyone being consulted. I am reporting this anonymously because I am worried about retaliation.,OTHER
Reporting an issue - the reporting dashboard times out whenever the queue goes above a thousand items. This has been going on for several weeks.,TECHNICAL
I want to report that a senior manager repeatedly makes demeaning remarks in team meetings. It started after the reorganisation in the spring.,HARASSMENT
Access logs for the payments system is being shared in a public chat channel. Several people on the team have noticed the same thing.,SECURITY
I need to raise a concern: a senior manager has threatened people's shifts when they disagree.,HARASSMENT
I need to raise a concern: a shared service account has not been rotated since the last incident. I raised it with my line manager and nothing changed.,SECURITY
Reporting an issue - a consultancy invoice went to a company owned by a relative of the approver. Several people on the team have noticed the same thing.,CORRUPTION
The reporting dashboard produces totals that do not match the ledger.,TECHNICAL
Reporting an issue - the internal API keys is still active for someone who left last year. I have screenshots but I am not comfortable attaching them.,SECURITY
I need to raise a concern: a team lead has threatened people's shifts when they disagree. It started after the reorganisation in the spring.,HARASSMENT
I want to report that a team lead has threatened people's shifts when they disagree.,HARASSMENT
"The invoice generator rounds every line up, which over a year adds up to a lot of money going to the wrong place. It might be deliberate.",TECHNICAL
The recycling contract is causing confusion across two departments. I have screenshots but I am not comfortable attaching them.,OTHER
I want to report that the recycling contract contradicts the policy published on the intranet. This has been going on for several weeks.,OTHER
Someone keeps changing the rota after it is published and will not say who authorised it.,HARASSMENT
Please look into this. a parking allocation does not match what staff were told at the last briefing. It started after the reorganisation in the spring.,OTHER
The recycling contract contradicts the policy published on the intranet. Several people on the team have noticed the same thing.,OTHER
I want to report that the internal API keys has been reused across three separate systems. I have screenshots but I am not comfortable attaching them.,SECURITY
The payment reconciliation job returns duplicated rows for some accounts. It started after the reorganisation in the spring.,TECHNICAL
Please look into this. a senior manager has been singling out one colleague for months.,HARASSMENT
A supervisor on the night shift keeps making comments about a colleague's appearance.,HARASSMENT
Please look into this. a shared service account was left readable on a shared drive. I raised it with my line manager and nothing changed.,SECURITY
Please look into this. an administrator password was posted to a group anyone can join. I am reporting this anonymously because I am worried about retaliation.,SECURITY
Please look into this. the vendor selection was signed off twice for the same work. This has been going on for several weeks.,CORRUPTION
I need to raise a concern: a member of the leadership team excludes one person from every meeting deliberately. This has been going on for several weeks.,HARASSMENT
I want to report that the customer search page times out whenever the queue goes above a thousand items. I am reporting this anonymously because I am worried about retaliation.,TECHNICAL
Please look into this. the customer data export has not been rotated since the last incident. This has been going on for several weeks.,SECURITY
I want to report that the customer data export has been reused across three separate systems. Several people on the team have noticed the same thing.,SECURITY
The nightly export shows stale numbers after every deployment.,TECHNICAL
I need to raise a concern: the nightly export produces totals that do not match the ledger. This has been going on for several weeks.,TECHNICAL
The invoice generator returns duplicated rows for some accounts. I have screenshots but I am not comfortable attaching them.,TECHNICAL
Please look into this. access logs for the payments system is still active for someone who left last year. This has been going on for several weeks.,SECURITY
I want to report that a supervisor on the night shift keeps making comments about a colleague's appearance. Several people on the team have noticed the same thing.,HARASSMENT
Reporting an issue - an unencrypted backup has not been rotated since the last incident. It started after the reorganisation in the spring.,SECURITY
Our overtime recording is causing confusion across two departments. It started after the reorganisation in the spring.,OTHER
Please look into this. a team lead has been singling out one colleague for months. It started after the reorganisation in the spring.,HARASSMENT
The signing certificate is still active for someone who left last year. It started after the reorganisation in the spring.,SECURITY
The order processing queue has been failing silently every night for two weeks. I raised it with my line manager and nothing changed.,TECHNICAL
The recycling contract is causing confusion across two departments.,OTHER
The order processing queue has been failing silently every night for two weeks. I am reporting this anonymously because I am worried about retaliation.,TECHNICAL
Reporting an issue - an administrator password is still active for someone who left last year. Several people on the team have noticed the same thing.,SECURITY
Reporting an issue - the customer search page produces totals that do not match the ledger. This has been going on for several weeks.,TECHNICAL
The procurement process went to a company owned by a relative of the approver. Several people on the team have noticed the same thing.,CORRUPTION
Reporting an issue - the nightly export has been failing silently every night for two weeks. I have screenshots but I am not comfortable attaching them.,TECHNICAL
The staff handbook seems to be applied differently depending on the team. This has been going on for several weeks.,OTHER
I want to report that a team lead excludes one person from every meeting deliberately. This has been going on for several weeks.,HARASSMENT
I need to raise a concern: a shared service account has not been rotated since the last incident. Several people on the team have noticed the same thing.,SECURITY
I need to raise a concern: a parking allocation does not match what staff were told at the last briefing. I raised it with my line manager and nothing changed.,OTHER
I want to report that the procurement process was decided after a weekend trip paid by the supplier. I raised it with my line manager and nothing changed.,CORRUPTION
The staff handbook is causing confusion across two departments. I am reporting this anonymously because I am worried about retaliation.,OTHER
I need to raise a concern: an administrator password was posted to a group anyone can join. I have screenshots but I am not comfortable attaching them.,SECURITY
Please look into this. the vendor selection was split into smaller amounts to stay under the approval limit.,CORRUPTION
Someone on the operations floor repeatedly makes demeaning remarks in team meetings. Several people on the team have noticed the same thing.,HARASSMENT
Reporting an issue - the nightly export has been failing silently every night for two weeks.,TECHNICAL
The reporting dashboard produces totals that do not match the ledger. This has been going on for several weeks.,TECHNICAL
Reporting an issue - the staff handbook seems to be applied differently depending on the team. Several people on the team have noticed the same thing.,OTHER
I need to raise a concern: the procurement process was decided after a weekend trip paid by the supplier. I have screenshots but I am not comfortable attaching them.,CORRUPTION
I need to raise a concern: the signing certificate was posted to a group anyone can join. It started after the reorganisation in the spring.,SECURITY
Reporting an issue - access logs for the payments system has not been rotated since the last incident. Several people on the team have noticed the same thing.,SECURITY
The invoice generator drops records without logging anything. Several people on the team have noticed the same thing.,TECHNICAL
I want to report that the building access policy seems to be applied differently depending on the team. This has been going on for several weeks.,OTHER
I need to raise a concern: the reporting dashboard times out whenever the queue goes above a thousand items.,TECHNICAL
A colleague in my department shouts at junior staff in front of the team.,HARASSMENT
I need to raise a concern: the signing certificate is still active for someone who left last year. I have screenshots but I am not comfortable attaching them.,SECURITY
Reporting an issue - the reporting dashboard drops records without logging anything. I raised it with my line manager and nothing changed.,TECHNICAL
Please look into this. the building access policy has not been updated since the merger. I raised it with my line manager and nothing changed.,OTHER
I need to raise a concern: the reporting dashboard has been failing silently every night for two weeks.,TECHNICAL
I need to raise a concern: the nightly export has been failing silently every night for two weeks.,TECHNICAL
Please look into this. an expense claim was decided after a weekend trip paid by the supplier. I raised it with my line manager and nothing changed.,CORRUPTION
The signing certificate has been reused across three separate systems. I raised it with my line manager and nothing changed.,SECURITY
Production database credentials has been reused across three separate systems. It started after the reorganisation in the spring.,SECURITY
The building access policy was changed without anyone being consulted. I have screenshots but I am not comfortable attaching them.,OTHER
Please look into this. the building access policy was changed without anyone being consulted.,OTHER
I want to report that a senior manager shouts at junior staff in front of the team. I have screenshots but I am not comfortable attaching them.,HARASSMENT
A shared service account was left readable on a shared drive. Several people on the team have noticed the same thing.,SECURITY
Someone on the operations floor repeatedly makes demeaning remarks in team meetings.,HARASSMENT
Reporting an issue - a supervisor on the night shift has been singling out one colleague for months. This has been going on for several weeks.,HARASSMENT
A colleague in my department shouts at junior staff in front of the team. Several people on the team have noticed the same thing.,HARASSMENT
I want to report that the payment reconciliation job drops records without logging anything. Several people on the team have noticed the same thing.,TECHNICAL
Reporting an issue - a consultancy invoice was signed off twice for the same work. I have screenshots but I am not comfortable attaching them.,CORRUPTION
I need to raise a concern: the order processing queue drops records without logging anything. I raised it with my line manager and nothing changed.,TECHNICAL
The building access policy was changed without anyone being consulted. This has been going on for several weeks.,OTHER
I want to report that production database credentials is being shared in a public chat channel. This has been going on for several weeks.,SECURITY
Please look into this. a parking allocation has not been updated since the merger. I am reporting this anonymously because I am worried about retaliation.,OTHER
Reporting an issue - the customer data export is still active for someone who left last year. Several people on the team have noticed the same thing.,SECURITY
The building access policy seems to be applied differently depending on the team. Several people on the team have noticed the same thing.,OTHER
Reporting an issue - an administrator password has not been rotated since the last incident. I am reporting this anonymously because I am worried about retaliation.,SECURITY
I want to report that the reporting dashboard times out whenever the queue goes above a thousand items. Several people on the team have noticed the same thing.,TECHNICAL
I need to raise a concern: a shared service account is still active for someone who left last year. This has been going on for several weeks.,SECURITY
Our overtime recording seems to be applied differently depending on the team. I have screenshots but I am not comfortable attaching them.,OTHER
I want to report that the customer search page shows stale numbers after every deployment. Several people on the team have noticed the same thing.,TECHNICAL
Reporting an issue - the reporting dashboard has been failing silently every night for two weeks. Several people on the team have noticed the same thing.,TECHNICAL
An administrator password is being shared in a public chat channel. It started after the reorganisation in the spring.,SECURITY
Please look into this. the recycling contract has not been updated since the merger. Several people on the team have noticed the same thing.,OTHER
Please look into this. the customer search page times out whenever the queue goes above a thousand items.,TECHNICAL
"The access control list on the reporting dashboard resets every deployment, so for about an hour anyone in the company can see payroll figures. I think it is a bug rather than anything deliberate.",TECHNICAL
I need to raise a concern: the vendor selection was approved without receipts or any second signature.,CORRUPTION
A parking allocation was changed without anyone being consulted.,OTHER
The staff handbook has not been updated since the merger. I am reporting this anonymously because I am worried about retaliation.,OTHER
I need to raise a concern: a supervisor on the night shift excludes one person from every meeting deliberately.,HARASSMENT
A consultancy invoice went to a company owned by a relative of the approver. It started after the reorganisation in the spring.,CORRUPTION
"Overtime is being recorded on a spreadsheet that anyone can edit, and the totals people submit do not match what is approved.",OTHER
An administrator password is being shared in a public chat channel. I raised it with my line manager and nothing changed.,SECURITY
"The invoice generator rounds every line up, which over a year adds up to a lot of money going to the wrong place. It might be deliberate.",TECHNICAL
Reporting an issue - the canteen supplier is causing confusion across two departments. It started after the reorganisation in the spring.,OTHER
Reporting an issue - the signing certificate was posted to a group anyone can join. This has been going on for several weeks.,SECURITY
I want to report that the recycling contract has not been updated since the merger. I raised it with my line manager and nothing changed.,OTHER
The customer search page times out whenever the queue goes above a thousand items. Several people on the team have noticed the same thing.,TECHNICAL
I need to raise a concern: the order processing queue has been failing silently every night for two weeks. I have screenshots but I am not comfortable attaching them.,TECHNICAL
I need to raise a concern: access logs for the payments system was posted to a group anyone can join. I have screenshots but I am not comfortable attaching them.,SECURITY
Reporting an issue - a supplier contract was split into smaller amounts to stay under the approval limit. This has been going on for several weeks.,CORRUPTION
Reporting an issue - a parking allocation is causing confusion across two departments. I am reporting this anonymously because I am worried about retaliation.,OTHER
Please look into this. the vendor selection was decided after a weekend trip paid by the supplier.,CORRUPTION
Reporting an issue - the customer data export was posted to a group anyone can join.,SECURITY
Please look into this. a supervisor on the night shift has threatened people's shifts when they disagree. I raised it with my line manager and nothing changed.,HARASSMENT
Reporting an issue - the building access policy has not been updated since the merger. I raised it with my line manager and nothing changed.,OTHER
The procurement process was awarded without any tender process. It started after the reorganisation in the spring.,CORRUPTION
A supplier contract was awarded without any tender process. I am reporting this anonymously because I am worried about retaliation.,CORRUPTION
Production database credentials is still active for someone who left last year. I have screenshots but I am not comfortable attaching them.,SECURITY
I want to report that a colleague in my department repeatedly makes demeaning remarks in team meetings. This has been going on for several weeks.,HARASSMENT
Reporting an issue - the staff handbook does not match what staff were told at the last briefing.,OTHER
I need to raise a concern: the recycling contract seems to be applied differently depending on the team. This has been going on for several weeks.,OTHER
I want to report that a colleague in my department has threatened people's shifts when they disagree.,HARASSMENT
Reporting an issue - a consultancy invoice was signed off twice for the same work. This has been going on for several weeks.,CORRUPTION
The procurement process was approved without receipts or any second signature. This has been going on for several weeks.,CORRUPTION
Reporting an issue - a supplier contract went to a company owned by a relative of the approver. Several people on the team have noticed the same thing.,CORRUPTION
I need to raise a concern: production database credentials is being shared in a public chat channel. This has been going on for several weeks.,SECURITY
I want to report that the staff handbook seems to be applied differently depending on the team. It started after the reorganisation in the spring.,OTHER
I need to raise a concern: the internal API keys was left readable on a shared drive. I raised it with my line manager and nothing changed.,SECURITY
I want to report that a facilities tender was decided after a weekend trip paid by the supplier. Several people on the team have noticed the same thing.,CORRUPTION
I need to raise a concern: the order processing queue returns duplicated rows for some accounts. This has been going on for several weeks.,TECHNICAL
I want to report that the nightly export times out whenever the queue goes above a thousand items.,TECHNICAL
Please look into this. a colleague in my department shouts at junior staff in front of the team. This has been going on for several weeks.,HARASSMENT
The signing certificate was posted to a group anyone can join. I have screenshots but I am not comfortable attaching them.,SECURITY
I want to report that an unencrypted backup is being shared in a public chat channel. It started after the reorganisation in the spring.,SECURITY
I want to report that a supervisor on the night shift has been singling out one colleague for months. I have screenshots but I am not comfortable attaching them.,HARASSMENT
I want to report that an unencrypted backup is being shared in a public chat channel. I am reporting this anonymously because I am worried about retaliation.,SECURITY
I want to report that the recycling contract was changed without anyone being consulted.,OTHER
I need to raise a concern: the internal API keys is still active for someone who left last year. Several people on the team have noticed the same thing.,SECURITY
The customer search page produces totals that do not match the ledger. I am reporting this anonymously because I am worried about retaliation.,TECHNICAL
I want to report that the payment reconciliation job shows stale numbers after every deployment. It started after the reorganisation in the spring.,TECHNICAL
I need to raise a concern: access logs for the payments system was posted to a group anyone can join. It started after the reorganisation in the spring.,SECURITY
Please look into this. the payment reconciliation job returns duplicated rows for some accounts. I raised it with my line manager and nothing changed.,TECHNICAL
I want to report that a shared service account has not been rotated since the last incident. It started after the reorganisation in the spring.,SECURITY
The building access policy does not match what staff were told at the last briefing.,OTHER
The reporting dashboard produces totals that do not match the ledger.,TECHNICAL
Reporting an issue - our overtime recording seems to be applied differently depending on the team. I raised it with my line manager and nothing changed.,OTHER
The building access policy does not match what staff were told at the last briefing. It started after the reorganisation in the spring.,OTHER
Reporting an issue - a supplier contract was signed off twice for the same work. I have screenshots but I am not comfortable attaching them.,CORRUPTION
The building access policy does not match what staff were told at the last briefing. I am reporting this anonymously because I am worried about retaliation.,OTHER
I need to raise a concern: the signing certificate is still active for someone who left last year. I am reporting this anonymously because I am worried about retaliation.,SECURITY
I want to report that an unencrypted backup is being shared in a public chat channel. I am reporting this anonymously because I am worried about retaliation.,SECURITY
I need to raise a concern: a facilities tender was awarded without any tender process. It started after the reorganisation in the spring.,CORRUPTION
A member of the leadership team has been singling out one colleague for months. I have screenshots but I am not comfortable attaching them.,HARASSMENT
Please look into this. a colleague in my department keeps making comments about a colleague's appearance. It started after the reorganisation in the spring.,HARASSMENT
Please look into this. the reporting dashboard returns duplicated rows for some accounts. I raised it with my line manager and nothing changed.,TECHNICAL
Reporting an issue - the order processing queue times out whenever the queue goes above a thousand items. It started after the reorganisation in the spring.,TECHNICAL
I want to report that the payment reconciliation job returns duplicated rows for some accounts.,TECHNICAL
Reporting an issue - a shared service account has not been rotated since the last incident. This has been going on for several weeks.,SECURITY
Please look into this. the staff handbook seems to be applied differently depending on the team. I am reporting this anonymously because I am worried about retaliation.,OTHER
The internal API keys is still active for someone who left last year. I have screenshots but I am not comfortable attaching them.,SECURITY
I want to report that a supervisor on the night shift has been singling out one colleague for months.,HARASSMENT
Reporting an issue - the staff handbook contradicts the policy published on the intranet. It started after the reorganisation in the spring.,OTHER
Please look into this. the internal API keys has been reused across three separate systems.,SECURITY
I need to raise a concern: the signing certificate is still active for someone who left last year. This has been going on for several weeks.,SECURITY
I need to raise a concern: an administrator password is still active for someone who left last year. I am reporting this anonymously because I am worried about retaliation.,SECURITY
Reporting an issue - an administrator password is still active for someone who left last year.,SECURITY
I need to raise a concern: the customer data export is still active for someone who left last year. I raised it with my line manager and nothing changed.,SECURITY
A shared service account has not been rotated since the last incident. I raised it with my line manager and nothing changed.,SECURITY
Someone on the operations floor has been singling out one colleague for months. I have screenshots but I am not comfortable attaching them.,HARASSMENT
Reporting an issue - an unencrypted backup was left readable on a shared drive. I am reporting this anonymously because I am worried about retaliation.,SECURITY
I want to report that an unencrypted backup is being shared in a public chat channel. I am reporting this anonymously because I am worried about retaliation.,SECURITY
Please look into this. the customer data export has been reused across three separate systems. I have screenshots but I am not comfortable attaching them.,SECURITY
Reporting an issue - the staff handbook contradicts the policy published on the intranet.,OTHER
Reporting an issue - the recycling contract has not been updated since the merger. I have screenshots but I am not comfortable attaching them.,OTHER
I want to report that a senior manager shouts at junior staff in front of the team. I have screenshots but I am not comfortable attaching them.,HARASSMENT
I need to raise a concern: the signing certificate has not been rotated since the last incident. This has been going on for several weeks.,SECURITY
An administrator password is still active for someone who left last year. I am reporting this anonymously because I am worried about retaliation.,SECURITY
"The vendor was given an administrator account on our systems as part of the contract, and the contract itself was never put out to tender.",CORRUPTION
I want to report that a senior manager excludes one person from every meeting deliberately. It started after the reorganisation in the spring.,HARASSMENT
Reporting an issue - an administrator password is still active for someone who left last year.,SECURITY
I need to raise a concern: an expense claim was decided after a weekend trip paid by the supplier. I raised it with my line manager and nothing changed.,CORRUPTION
I want to report that a parking allocation has not been updated since the merger. Several people on the team have noticed the same thing.,OTHER
The staff handbook does not match what staff were told at the last briefing.,OTHER
I want to report that production database credentials was left readable on a shared drive. It started after the reorganisation in the spring.,SECURITY
Please look into this. the customer data export was left readable on a shared drive. Several people on the team have noticed the same thing.,SECURITY
Reporting an issue - a senior manager keeps making comments about a colleague's appearance. I raised it with my line manager and nothing changed.,HARASSMENT
I need to raise a concern: the invoice generator times out whenever the queue goes above a thousand items. I am reporting this anonymously because I am worried about retaliation.,TECHNICAL
Please look into this. the payment reconciliation job times out whenever the queue goes above a thousand items.,TECHNICAL
I want to report that the invoice generator produces totals that do not match the ledger. This has been going on for several weeks.,TECHNICAL
A member of the leadership team keeps making comments about a colleague's appearance. I am reporting this anonymously because I am worried about retaliation.,HARASSMENT
Reporting an issue - a shared service account is being shared in a public chat channel. I have screenshots but I am not comfortable attaching them.,SECURITY
Please look into this. a colleague in my department has been singling out one colleague for months. I am reporting this anonymously because I am worried about retaliation.,HARASSMENT
Please look into this. production database credentials has not been rotated since the last incident.,SECURITY
My team lead keeps reading other people's messages over their shoulder and then bringing up what he saw in meetings to embarrass them.,HARASSMENT
I need to raise a concern: a senior manager shouts at junior staff in front of the team. This has been going on for several weeks.,HARASSMENT
Please look into this. a supplier contract was signed off twice for the same work.,CORRUPTION
Reporting an issue - our overtime recording seems to be applied differently depending on the team. This has been going on for several weeks.,OTHER
Please look into this. the customer search page returns duplicated rows for some accounts. This has been going on for several weeks.,TECHNICAL
A parking allocation contradicts the policy published on the intranet. This has been going on for several weeks.,OTHER
The invoice generator shows stale numbers after every deployment.,TECHNICAL
I want to report that access logs for the payments system is still active for someone who left last year. It started after the reorganisation in the spring.,SECURITY
Reporting an issue - the customer data export was left readable on a shared drive. I raised it with my line manager and nothing changed.,SECURITY
Reporting an issue - a senior manager keeps making comments about a colleague's appearance. I am reporting this anonymously because I am worried about retaliation.,HARASSMENT
The reporting dashboard shows stale numbers after every deployment. I have screenshots but I am not comfortable attaching them.,TECHNICAL
"The vendor was given an administrator account on our systems as part of the contract, and the contract itself was never put out to tender.",CORRUPTION
I want to report that production database credentials has been reused across three separate systems. I raised it with my line manager and nothing changed.,SECURITY
I want to report that a consultancy invoice was split into smaller amounts to stay under the approval limit. It started after the reorganisation in the spring.,CORRUPTION
"Expenses are approved by whoever is on shift rather than a manager, so people effectively sign off their own claims.",CORRUPTION
I need to raise a concern: the signing certificate was posted to a group anyone can join. Several people on the team have noticed the same thing.,SECURITY
Access logs for the payments system was posted to a group anyone can join.,SECURITY
I want to report that the customer search page times out whenever the queue goes above a thousand items.,TECHNICAL
I want to report that a member of the leadership team has threatened people's shifts when they disagree. It started after the reorganisation in the spring.,HARASSMENT
Please look into this. the customer search page shows stale numbers after every deployment. I have screenshots but I am not comfortable attaching them.,TECHNICAL
I want to report that a colleague in my department has been singling out one colleague for months. Several people on the team have noticed the same thing.,HARASSMENT
Please look into this. access logs for the payments system was left readable on a shared drive. Several people on the team have noticed the same thing.,SECURITY
I want to report that the nightly export has been failing silently every night for two weeks.,TECHNICAL
"Expenses are approved by whoever is on shift rather than a manager, so people effectively sign off their own claims.",CORRUPTION
I need to raise a concern: production database credentials was posted to a group anyone can join. It started after the reorganisation in the spring.,SECURITY
The procurement process was awarded without any tender process. Several people on the team have noticed the same thing.,CORRUPTION
Please look into this. the recycling contract does not match what staff were told at the last briefing. I raised it with my line manager and nothing changed.,OTHER
Reporting an issue - the reporting dashboard returns duplicated rows for some accounts.,TECHNICAL
I need to raise a concern: a shared service account was posted to a group anyone can join. I raised it with my line manager and nothing changed.,SECURITY
Please look into this. an expense claim was signed off twice for the same work. I have screenshots but I am not comfortable attaching them.,CORRUPTION
I need to raise a concern: a team lead has been singling out one colleague for months. This has been going on for several weeks.,HARASSMENT
A member of the leadership team keeps making comments about a colleague's appearance. I have screenshots but I am not comfortable attaching them.,HARASSMENT
The procurement process was signed off twice for the same work. Several people on the team have noticed the same thing.,CORRUPTION
Please look into this. the recycling contract was changed without anyone being consulted. Several people on the team have noticed the same thing.,OTHER
I want to report that the canteen supplier has not been updated since the merger. I am reporting this anonymously because I am worried about retaliation.,OTHER
I need to raise a concern: the canteen supplier seems to be applied differently depending on the team. This has been going on for several weeks.,OTHER
Reporting an issue - access logs for the payments system was posted to a group anyone can join. Several people on the team have noticed the same thing.,SECURITY
I want to report that the building access policy contradicts the policy published on the intranet. This has been going on for several weeks.,OTHER
Please look into this. a parking allocation has not been updated since the merger. It started after the reorganisation in the spring.,OTHER
I need to raise a concern: the procurement process went to a company owned by a relative of the approver. This has been going on for several weeks.,CORRUPTION
I need to raise a concern: our overtime recording contradicts the policy published on the intranet. Several people on the team have noticed the same thing.,OTHER
I need to raise a concern: an expense claim was decided after a weekend trip paid by the supplier. It started after the reorganisation in the spring.,CORRUPTION
I need to raise a concern: a senior manager repeatedly makes demeaning remarks in team meetings. It started after the reorganisation in the spring.,HARASSMENT
I want to report that a member of the leadership team excludes one person from every meeting deliberately. I have screenshots but I am not comfortable attaching them.,HARASSMENT
A supervisor on the night shift shouts at junior staff in front of the team. I am reporting this anonymously because I am worried about retaliation.,HARASSMENT
Reporting an issue - the vendor selection was signed off twice for the same work.,CORRUPTION
Reporting an issue - the order processing queue drops records without logging anything. I have screenshots but I am not comfortable attaching them.,TECHNICAL
I need to raise a concern: a shared service account was left readable on a shared drive. I have screenshots but I am not comfortable attaching them.,SECURITY
I need to raise a concern: the order processing queue times out whenever the queue goes above a thousand items.,TECHNICAL
Someone on the operations floor excludes one person from every meeting deliberately. I have screenshots but I am not comfortable attaching them.,HARASSMENT
Reporting an issue - a consultancy invoice was decided after a weekend trip paid by the supplier. I am reporting this anonymously because I am worried about retaliation.,CORRUPTION
Please look into this. a facilities tender was signed off twice for the same work. I am reporting this anonymously because I am worried about retaliation.,CORRUPTION
Reporting an issue - the customer data export is being shared in a public chat channel. I have screenshots but I am not comfortable attaching them.,SECURITY
Please look into this. a shared service account was posted to a group anyone can join.,SECURITY
Reporting an issue - the customer data export is being shared in a public chat channel. Several people on the team have noticed the same thing.,SECURITY
Reporting an issue - someone on the operations floor has been singling out one colleague for months. It started after the reorganisation in the spring.,HARASSMENT
Reporting an issue - a shared service account has been reused across three separate systems. It started after the reorganisation in the spring.,SECURITY
I need to raise a concern: a colleague in my department has been singling out one colleague for months.,HARASSMENT
Please look into this. the payment reconciliation job returns duplicated rows for some accounts. This has been going on for several weeks.,TECHNICAL
Please look into this. the internal API keys was left readable on a shared drive. I am reporting this anonymously because I am worried about retaliation.,SECURITY
I want to report that the canteen supplier does not match what staff were told at the last briefing. I am reporting this anonymously because I am worried about retaliation.,OTHER
Reporting an issue - access logs for the payments system has not been rotated since the last incident. I have screenshots but I am not comfortable attaching them.,SECURITY
Reporting an issue - an administrator password was left readable on a shared drive. It started after the reorganisation in the spring.,SECURITY
Please look into this. an unencrypted backup was posted to a group anyone can join. I have screenshots but I am not comfortable attaching them.,SECURITY
I want to report that the payment reconciliation job returns duplicated rows for some accounts. It started after the reorganisation in the spring.,TECHNICAL
I want to report that a team lead repeatedly makes demeaning remarks in team meetings. I am reporting this anonymously because I am worried about retaliation.,HARASSMENT
Please look into this. the building access policy seems to be applied differently depending on the team. It started after the reorganisation in the spring.,OTHER
Please look into this. our overtime recording contradicts the policy published on the intranet.,OTHER
Reporting an issue - a member of the leadership team has threatened people's shifts when they disagree. I raised it with my line manager and nothing changed.,HARASSMENT
Reporting an issue - a colleague in my department shouts at junior staff in front of the team. I am reporting this anonymously because I am worried about retaliation.,HARASSMENT
The recycling contract seems to be applied differently depending on the team. Several people on the team have noticed the same thing.,OTHER
An administrator password was posted to a group anyone can join. I raised it with my line manager and nothing changed.,SECURITY
The canteen supplier has not been updated since the merger. It started after the reorganisation in the spring.,OTHER
Reporting an issue - a senior manager has threatened people's shifts when they disagree. This has been going on for several weeks.,HARASSMENT
I need to raise a concern: the invoice generator has been failing silently every night for two weeks. This has been going on for several weeks.,TECHNICAL
Reporting an issue - a facilities tender was decided after a weekend trip paid by the supplier. It started after the reorganisation in the spring.,CORRUPTION
Please look into this. a parking allocation is causing confusion across two departments. I raised it with my line manager and nothing changed.,OTHER
I need to raise a concern: the signing certificate has not been rotated since the last incident. I have screenshots but I am not comfortable attaching them.,SECURITY
Reporting an issue - a colleague in my department keeps making comments about a colleague's appearance. This has been going on for several weeks.,HARASSMENT
Reporting an issue - an unencrypted backup was left readable on a shared drive. I raised it with my line manager and nothing changed.,SECURITY
I need to raise a concern: a colleague in my department shouts at junior staff in front of the team. Several people on the team have noticed the same thing.,HARASSMENT
I want to report that the internal API keys has been reused across three separate systems. It started after the reorganisation in the spring.,SECURITY
The building access policy does not match what staff were told at the last briefing. Several people on the team have noticed the same thing.,OTHER
I need to raise a concern: production database credentials has not been rotated since the last incident. I raised it with my line manager and nothing changed.,SECURITY
Please look into this. the customer search page times out whenever the queue goes above a thousand items.,TECHNICAL
Reporting an issue - the nightly export has been failing silently every night for two weeks. I have screenshots but I am not comfortable attaching them.,TECHNICAL
I need to raise a concern: our overtime recording contradicts the policy published on the intranet. I am reporting this anonymously because I am worried about retaliation.,OTHER
An unencrypted backup was posted to a group anyone can join. This has been going on for several weeks.,SECURITY
"Someone from the supplier still has a badge for the server room months after the contract ended, and nobody will say who authorised it.",SECURITY
I need to raise a concern: an administrator password has not been rotated since the last incident. It started after the reorganisation in the spring.,SECURITY
Reporting an issue - our overtime recording contradicts the policy published on the intranet. I raised it with my line manager and nothing changed.,OTHER
Reporting an issue - an administrator password is being shared in a public chat channel. Several people on the team have noticed the same thing.,SECURITY
I want to report that the canteen supplier is causing confusion across two departments.,OTHER
I want to report that the invoice generator produces totals that do not match the ledger. This has been going on for several weeks.,TECHNICAL
I want to report that a team lead keeps making comments about a colleague's appearance.,HARASSMENT
I want to report that the procurement process was signed off twice for the same work. This has been going on for several weeks.,CORRUPTION
The canteen supplier was changed without anyone being consulted. I raised it with my line manager and nothing changed.,OTHER
The canteen supplier was changed without anyone being consulted. Several people on the team have noticed the same thing.,OTHER
Reporting an issue - access logs for the payments system has not been rotated since the last incident. I have screenshots but I am not comfortable attaching them.,SECURITY
I need to raise a concern: the canteen supplier was changed without anyone being consulted. This has been going on for several weeks.,OTHER
The internal API keys has not been rotated since the last incident. I have screenshots but I am not comfortable attaching them.,SECURITY
Reporting an issue - the canteen supplier has not been updated since the merger. I have screenshots but I am not comfortable attaching them.,OTHER
Please look into this. the recycling contract has not been updated since the merger. This has been going on for several weeks.,OTHER
Please look into this. the canteen supplier contradicts the policy published on the intranet. It started after the reorganisation in the spring.,OTHER
The payment reconciliation job returns duplicated rows for some accounts.,TECHNICAL
The invoice generator produces totals that do not match the ledger. This has been going on for several weeks.,TECHNICAL
Reporting an issue - the procurement process went to a company owned by a relative of the approver. It started after the reorganisation in the spring.,CORRUPTION
I need to raise a concern: a shared service account has not been rotated since the last incident.,SECURITY
I need to raise a concern: the nightly export has been failing silently every night for two weeks. I raised it with my line manager and nothing changed.,TECHNICAL
Please look into this. an expense claim was signed off twice for the same work. This has been going on for several weeks.,CORRUPTION
I want to report that a shared service account was posted to a group anyone can join. Several people on the team have noticed the same thing.,SECURITY
Reporting an issue - the reporting dashboard shows stale numbers after every deployment. I raised it with my line manager and nothing changed.,TECHNICAL
I want to report that the signing certificate has not been rotated since the last incident. It started after the reorganisation in the spring.,SECURITY
Reporting an issue - access logs for the payments system has been reused across three separate systems. I have screenshots but I am not comfortable attaching them.,SECURITY
A shared service account is being shared in a public chat channel. I raised it with my line manager and nothing changed.,SECURITY
I need to raise a concern: the staff handbook contradicts the policy published on the intranet. I raised it with my line manager and nothing changed.,OTHER
Reporting an issue - a facilities tender was split into smaller amounts to stay under the approval limit. I raised it with my line manager and nothing changed.,CORRUPTION
I need to raise a concern: the reporting dashboard has been failing silently every night for two weeks. Several people on the team have noticed the same thing.,TECHNICAL
I want to report that an unencrypted backup is being shared in a public chat channel. It started after the reorganisation in the spring.,SECURITY
Reporting an issue - an administrator password is still active for someone who left last year. I am reporting this anonymously because I am worried about retaliation.,SECURITY
Please look into this. a senior manager repeatedly makes demeaning remarks in team meetings. It started after the reorganisation in the spring.,HARASSMENT
A supervisor on the night shift has been singling out one colleague for months. Several people on the team have noticed the same thing.,HARASSMENT
I need to raise a concern: the order processing queue shows stale numbers after every deployment. This has been going on for several weeks.,TECHNICAL
I need to raise a concern: the order processing queue drops records without logging anything. Several people on the team have noticed the same thing.,TECHNICAL
Please look into this. a supervisor on the night shift has been singling out one colleague for months. It started after the reorganisation in the spring.,HARASSMENT
Reporting an issue - our overtime recording has not been updated since the merger. It started after the reorganisation in the spring.,OTHER
I want to report that a team lead repeatedly makes demeaning remarks in team meetings. Several people on the team have noticed the same thing.,HARASSMENT
I need to raise a concern: the order processing queue has been failing silently every night for two weeks.,TECHNICAL
I want to report that an expense claim was decided after a weekend trip paid by the supplier.,CORRUPTION
I need to raise a concern: the signing certificate has been reused across three separate systems. I raised it with my line manager and nothing changed.,SECURITY
A manager asked me to share my login so they could approve their own expense claim while the approver was away. I did not do it but I think it has happened before with someone else.,SECURITY
I want to report that our overtime recording does not match what staff were told at the last briefing. I am reporting this anonymously because I am worried about retaliation.,OTHER
Reporting an issue - the internal API keys was posted to a group anyone can join. It started after the reorganisation in the spring.,SECURITY
I want to report that the vendor selection was split into smaller amounts to stay under the approval limit. This has been going on for several weeks.,CORRUPTION
Reporting an issue - a member of the leadership team excludes one person from every meeting deliberately. This has been going on for several weeks.,HARASSMENT
I want to report that the recycling contract was changed without anyone being consulted. This has been going on for several weeks.,OTHER
I want to report that the recycling contract is causing confusion across two departments.,OTHER
Reporting an issue - the recycling contract is causing confusion across two departments. It started after the reorganisation in the spring.,OTHER
Reporting an issue - the procurement process was signed off twice for the same work. It started after the reorganisation in the spring.,CORRUPTION
Reporting an issue - the nightly export drops records without logging anything. I raised it with my line manager and nothing changed.,TECHNICAL
Reporting an issue - the vendor selection was approved without receipts or any second signature.,CORRUPTION
I want to report that our overtime recording seems to be applied differently depending on the team. This has been going on for several weeks.,OTHER
I need to raise a concern: our overtime recording is causing confusion across two departments. It started after the reorganisation in the spring.,OTHER
I want to report that the order processing queue shows stale numbers after every deployment. I have screenshots but I am not comfortable attaching them.,TECHNICAL
Our overtime recording is causing confusion across two departments. It started after the reorganisation in the spring.,OTHER
I want to report that a parking allocation was changed without anyone being consulted. I have screenshots but I am not comfortable attaching them.,OTHER
Reporting an issue - the internal API keys is still active for someone who left last year. I am reporting this anonymously because I am worried about retaliation.,SECURITY
The invoice generator has been failing silently every night for two weeks. Several people on the team have noticed the same thing.,TECHNICAL
Reporting an issue - the canteen supplier seems to be applied differently depending on the team. I am reporting this anonymously because I am worried about retaliation.,OTHER
Please look into this. the nightly export produces totals that do not match the ledger.,TECHNICAL
I need to raise a concern: the canteen supplier was changed without anyone being consulted. This has been going on for several weeks.,OTHER
Please look into this. access logs for the payments system has not been rotated since the last incident. This has been going on for several weeks.,SECURITY
I want to report that the signing certificate was left readable on a shared drive. It started after the reorganisation in the spring.,SECURITY
Reporting an issue - a facilities tender went to a company owned by a relative of the approver. Several people on the team have noticed the same thing.,CORRUPTION
I need to raise a concern: access logs for the payments system is still active for someone who left last year.,SECURITY
I need to raise a concern: a supervisor on the night shift shouts at junior staff in front of the team. This has been going on for several weeks.,HARASSMENT
Reporting an issue - the nightly export drops records without logging anything. I raised it with my line manager and nothing changed.,TECHNICAL
I need to raise a concern: a parking allocation was changed without anyone being consulted. Several people on the team have noticed the same thing.,OTHER
I need to raise a concern: an expense claim was decided after a weekend trip paid by the supplier.,CORRUPTION
Please look into this. the customer data export is still active for someone who left last year. This has been going on for several weeks.,SECURITY
Please look into this. the procurement process was signed off twice for the same work. I have screenshots but I am not comfortable attaching them.,CORRUPTION
Please look into this. a senior manager has been singling out one colleague for months. This has been going on for several weeks.,HARASSMENT
Please look into this. the procurement process was awarded without any tender process. I am reporting this anonymously because I am worried about retaliation.,CORRUPTION
I need to raise a concern: an administrator password was left readable on a shared drive.,SECURITY
Please look into this. access logs for the payments system has not been rotated since the last incident. Several people on the team have noticed the same thing.,SECURITY
Please look into this. our overtime recording seems to be applied differently depending on the team. I am reporting this anonymously because I am worried about retaliation.,OTHER
Please look into this. our overtime recording was changed without anyone being consulted. I have screenshots but I am not comfortable attaching them.,OTHER
I want to report that the staff handbook is causing confusion across two departments. Several people on the team have noticed the same thing.,OTHER
I want to report that the internal API keys was posted to a group anyone can join. I raised it with my line manager and nothing changed.,SECURITY
The order processing queue times out whenever the queue goes above a thousand items. I have screenshots but I am not comfortable attaching them.,TECHNICAL
I need to raise a concern: the payment reconciliation job times out whenever the queue goes above a thousand items.,TECHNICAL
I want to report that the customer data export was posted to a group anyone can join. This has been going on for several weeks.,SECURITY
Reporting an issue - a shared service account is still active for someone who left last year. Several people on the team have noticed the same thing.,SECURITY
Reporting an issue - the staff handbook is causing confusion across two departments. It started after the reorganisation in the spring.,OTHER
A supplier contract was approved without receipts or any second signature. I am reporting this anonymously because I am worried about retaliation.,CORRUPTION
Please look into this. someone on the operations floor has threatened people's shifts when they disagree. I have screenshots but I am not comfortable attaching them.,HARASSMENT
Reporting an issue - the customer search page returns duplicated rows for some accounts. I raised it with my line manager and nothing changed.,TECHNICAL
Reporting an issue - the building access policy was changed without anyone being consulted. I am reporting this anonymously because I am worried about retaliation.,OTHER
Reporting an issue - the order processing queue has been failing silently every night for two weeks. I raised it with my line manager and nothing changed.,TECHNICAL
Reporting an issue - a supervisor on the night shift keeps making comments about a colleague's appearance.,HARASSMENT
I want to report that the recycling contract contradicts the policy published on the intranet. This has been going on for several weeks.,OTHER
Please look into this. the customer data export is still active for someone who left last year. I raised it with my line manager and nothing changed.,SECURITY
A shared service account was posted to a group anyone can join.,SECURITY
Please look into this. the customer data export has not been rotated since the last incident. This has been going on for several weeks.,SECURITY
I want to report that the reporting dashboard produces totals that do not match the ledger. This has been going on for several weeks.,TECHNICAL
I want to report that the recycling contract contradicts the policy published on the intranet. It started after the reorganisation in the spring.,OTHER
Please look into this. the customer search page produces totals that do not match the ledger. I raised it with my line manager and nothing changed.,TECHNICAL
I want to report that the customer search page produces totals that do not match the ledger. This has been going on for several weeks.,TECHNICAL
I need to raise a concern: the canteen supplier is causing confusion across two departments. I raised it with my line manager and nothing changed.,OTHER
I want to report that our overtime recording has not been updated since the merger. I am reporting this anonymously because I am worried about retaliation.,OTHER
Reporting an issue - the invoice generator has been failing silently every night for two weeks.,TECHNICAL
I need to raise a concern: our overtime recording was changed without anyone being consulted.,OTHER
I need to raise a concern: the nightly export times out whenever the queue goes above a thousand items. Several people on the team have noticed the same thing.,TECHNICAL
Reporting an issue - a facilities tender went to a company owned by a relative of the approver. I am reporting this anonymously because I am worried about retaliation.,CORRUPTION
I need to raise a concern: the procurement process went to a company owned by a relative of the approver. Several people on the team have noticed the same thing.,CORRUPTION
Please look into this. the customer data export has been reused across three separate systems. I have screenshots but I am not comfortable attaching them.,SECURITY
Please look into this. access logs for the payments system is being shared in a public chat channel. Several people on the team have noticed the same thing.,SECURITY
I need to raise a concern: a team lead has been singling out one colleague for months. I raised it with my line manager and nothing changed.,HARASSMENT
I need to raise a concern: the customer search page produces totals that do not match the ledger. I raised it with my line manager and nothing changed.,TECHNICAL
I need to raise a concern: the nightly export produces totals that do not match the ledger.,TECHNICAL
Reporting an issue - access logs for the payments system was posted to a group anyone can join. I have screenshots but I am not comfortable attaching them.,SECURITY
I want to report that a parking allocation was changed without anyone being consulted. It started after the reorganisation in the spring.,OTHER
I want to report that a member of the leadership team excludes one person from every meeting deliberately. I have screenshots but I am not comfortable attaching them.,HARASSMENT
A consultancy invoice was split into smaller amounts to stay under the approval limit. This has been going on for several weeks.,CORRUPTION
Please look into this. the nightly export times out whenever the queue goes above a thousand items. I have screenshots but I am not comfortable attaching them.,TECHNICAL
Please look into this. a parking allocation has not been updated since the merger. This has been going on for several weeks.,OTHER
I need to raise a concern: a member of the leadership team has been singling out one colleague for months. I raised it with my line manager and nothing changed.,HARASSMENT
Reporting an issue - the nightly export has been failing silently every night for two weeks. Several people on the team have noticed the same thing.,TECHNICAL
The nightly export produces totals that do not match the ledger. I am reporting this anonymously because I am worried about retaliation.,TECHNICAL
I want to report that an expense claim was decided after a weekend trip paid by the supplier.,CORRUPTION
I need to raise a concern: a senior manager has threatened people's shifts when they disagree. This has been going on for several weeks.,HARASSMENT
I want to report that the customer data export was left readable on a shared drive. I have screenshots but I am not comfortable attaching them.,SECURITY
I need to raise a concern: the customer data export was left readable on a shared drive. This has been going on for several weeks.,SECURITY
Reporting an issue - the nightly export times out whenever the queue goes above a thousand items. Several people on the team have noticed the same thing.,TECHNICAL
I need to raise a concern: the vendor selection was approved without receipts or any second signature.,CORRUPTION
Reporting an issue - an expense claim was decided after a weekend trip paid by the supplier. I raised it with my line manager and nothing changed.,CORRUPTION
A parking allocation has not been updated since the merger.,OTHER
I want to report that our overtime recording contradicts the policy published on the intranet. I have screenshots but I am not comfortable attaching them.,OTHER
Please look into this. an administrator password has been reused across three separate systems. I am reporting this anonymously because I am worried about retaliation.,SECURITY
Reporting an issue - the internal API keys was posted to a group anyone can join. It started after the reorganisation in the spring.,SECURITY
I need to raise a concern: a parking allocation does not match what staff were told at the last briefing. Several people on the team have noticed the same thing.,OTHER
Please look into this. a parking allocation has not been updated since the merger. I am reporting this anonymously because I am worried about retaliation.,OTHER
Please look into this. the recycling contract has not been updated since the merger. I am reporting this anonymously because I am worried about retaliation.,OTHER
A senior manager keeps making comments about a colleague's appearance. I raised it with my line manager and nothing changed.,HARASSMENT
I want to report that the customer search page produces totals that do not match the ledger. Several people on the team have noticed the same thing.,TECHNICAL
I need to raise a concern: the recycling contract contradicts the policy published on the intranet. This has been going on for several weeks.,OTHER
I need to raise a concern: access logs for the payments system has not been rotated since the last incident. It started after the reorganisation in the spring.,SECURITY
Reporting an issue - access logs for the payments system has not been rotated since the last incident. I am reporting this anonymously because I am worried about retaliation.,SECURITY
I need to raise a concern: someone on the operations floor has been singling out one colleague for months. I have screenshots but I am not comfortable attaching them.,HARASSMENT
I want to report that the vendor selection was split into smaller amounts to stay under the approval limit. This has been going on for several weeks.,CORRUPTION
Reporting an issue - a parking allocation does not match what staff were told at the last briefing. It started after the reorganisation in the spring.,OTHER
Reporting an issue - the building access policy was changed without anyone being consulted. I am reporting this anonymously because I am worried about retaliation.,OTHER
I need to raise a concern: a member of the leadership team excludes one person from every meeting deliberately. I raised it with my line manager and nothing changed.,HARASSMENT
Reporting an issue - production database credentials has been reused across three separate systems. I am reporting this anonymously because I am worried about retaliation.,SECURITY
Reporting an issue - a team lead repeatedly makes demeaning remarks in team meetings. I raised it with my line manager and nothing changed.,HARASSMENT
Access logs for the payments system was posted to a group anyone can join.,SECURITY
I want to report that production database credentials was posted to a group anyone can join. I raised it with my line manager and nothing changed.,SECURITY
Please look into this. the customer data export is being shared in a public chat channel. I raised it with my line manager and nothing changed.,SECURITY
I want to report that the customer search page returns duplicated rows for some accounts. It started after the reorganisation in the spring.,TECHNICAL
A manager asked me to share my login so they could approve their own expense claim while the approver was away. I did not do it but I think it has happened before with someone else.,SECURITY
I need to raise a concern: the customer search page produces totals that do not match the ledger.,TECHNICAL
I want to report that the nightly export shows stale numbers after every deployment. It started after the reorganisation in the spring.,TECHNICAL
I need to raise a concern: a parking allocation contradicts the policy published on the intranet. I raised it with my line manager and nothing changed.,OTHER
Please look into this. a team lead keeps making comments about a colleague's appearance. I have screenshots but I am not comfortable attaching them.,HARASSMENT
Please look into this. an administrator password is being shared in a public chat channel. Several people on the team have noticed the same thing.,SECURITY
My team lead keeps reading other people's messages over their shoulder and then bringing up what he saw in meetings to embarrass them.,HARASSMENT
Please look into this. access logs for the payments system has been reused across three separate systems. I raised it with my line manager and nothing changed.,SECURITY
I need to raise a concern: the payment reconciliation job drops records without logging anything. I raised it with my line manager and nothing changed.,TECHNICAL
I want to report that the staff handbook does not match what staff were told at the last briefing. It started after the reorganisation in the spring.,OTHER
Reporting an issue - the payment reconciliation job drops records without logging anything. I am reporting this anonymously because I am worried about retaliation.,TECHNICAL
The export job writes customer records to a folder the whole company can read.,SECURITY
The invoice generator produces totals that do not match the ledger. It started after the reorganisation in the spring.,TECHNICAL
Reporting an issue - the reporting dashboard drops records without logging anything. I raised it with my line manager and nothing changed.,TECHNICAL
The signing certificate is still active for someone who left last year. Several people on the team have noticed the same thing.,SECURITY
I want to report that the nightly export has been failing silently every night for two weeks. This has been going on for several weeks.,TECHNICAL
I want to report that the procurement process was approved without receipts or any second signature. I am reporting this anonymously because I am worried about retaliation.,CORRUPTION
I need to raise a concern: the internal API keys was left readable on a shared drive. This has been going on for several weeks.,SECURITY
The order processing queue drops records without logging anything. I raised it with my line manager and nothing changed.,TECHNICAL
I want to report that the canteen supplier contradicts the policy published on the intranet. This has been going on for several weeks.,OTHER
Please look into this. our overtime recording was changed without anyone being consulted. It started after the reorganisation in the spring.,OTHER
A parking allocation contradicts the policy published on the intranet. Several people on the team have noticed the same thing.,OTHER
Please look into this. the signing certificate is being shared in a public chat channel. This has been going on for several weeks.,SECURITY
Please look into this. the recycling contract seems to be applied differently depending on the team. I have screenshots but I am not comfortable attaching them.,OTHER
I need to raise a concern: the customer data export is being shared in a public chat channel. This has been going on for several weeks.,SECURITY
Please look into this. a senior manager keeps making comments about a colleague's appearance.,HARASSMENT
Please look into this. the payment reconciliation job drops records without logging anything. I am reporting this anonymously because I am worried about retaliation.,TECHNICAL
The customer search page returns duplicated rows for some accounts. Several people on the team have noticed the same thing.,TECHNICAL
I need to raise a concern: the building access policy was changed without anyone being consulted. I am reporting this anonymously because I am worried about retaliation.,OTHER
Reporting an issue - the building access policy contradicts the policy published on the intranet. Several people on the team have noticed the same thing.,OTHER
Please look into this. the payment reconciliation job shows stale numbers after every deployment. I am reporting this anonymously because I am worried about retaliation.,TECHNICAL
Please look into this. the internal API keys is being shared in a public chat channel. It started after the reorganisation in the spring.,SECURITY
Please look into this. the invoice generator times out whenever the queue goes above a thousand items. I have screenshots but I am not comfortable attaching them.,TECHNICAL
Reporting an issue - the customer data export was left readable on a shared drive. I raised it with my line manager and nothing changed.,SECURITY
Reporting an issue - production database credentials has been reused across three separate systems. I raised it with my line manager and nothing changed.,SECURITY
I need to raise a concern: the customer data export is still active for someone who left last year. I have screenshots but I am not comfortable attaching them.,SECURITY
I want to report that the building access policy is causing confusion across two departments. This has been going on for several weeks.,OTHER
I need to raise a concern: an unencrypted backup was posted to a group anyone can join. I am reporting this anonymously because I am worried about retaliation.,SECURITY
Reporting an issue - production database credentials was left readable on a shared drive. I raised it with my line manager and nothing changed.,SECURITY
I want to report that an expense claim was decided after a weekend trip paid by the supplier. It started after the reorganisation in the spring.,CORRUPTION
I need to raise a concern: the internal API keys is still active for someone who left last year. I am reporting this anonymously because I am worried about retaliation.,SECURITY
Access logs for the payments system was posted to a group anyone can join. I have screenshots but I am not comfortable attaching them.,SECURITY
Reporting an issue - the canteen supplier was changed without anyone being consulted.,OTHER
I want to report that a senior manager excludes one person from every meeting deliberately. I have screenshots but I am not comfortable attaching them.,HARASSMENT
I want to report that the recycling contract does not match what staff were told at the last briefing.,OTHER
Reporting an issue - a team lead shouts at junior staff in front of the team.,HARASSMENT
The export job writes customer records to a folder the whole company can read.,TECHNICAL
The order processing queue times out whenever the queue goes above a thousand items. I am reporting this anonymously because I am worried about retaliation.,TECHNICAL
Please look into this. the customer data export has been reused across three separate systems.,SECURITY
An administrator password has been reused across three separate systems. Several people on the team have noticed the same thing.,SECURITY
Reporting an issue - a facilities tender was split into smaller amounts to stay under the approval limit. I am reporting this anonymously because I am worried about retaliation.,CORRUPTION
I want to report that the canteen supplier is causing confusion across two departments. I raised it with my line manager and nothing changed.,OTHER
The building access policy does not match what staff were told at the last briefing. This has been going on for several weeks.,OTHER
Reporting an issue - an unencrypted backup was posted to a group anyone can join. I raised it with my line manager and nothing changed.,SECURITY
The signing certificate was posted to a group anyone can join.,SECURITY
Reporting an issue - the internal API keys was left readable on a shared drive. This has been going on for several weeks.,SECURITY
A team lead has been singling out one colleague for months. It started after the reorganisation in the spring.,HARASSMENT
I want to report that a member of the leadership team keeps making comments about a colleague's appearance.,HARASSMENT
My team lead keeps reading other people's messages over their shoulder and then bringing up what he saw in meetings to embarrass them.,HARASSMENT
Reporting an issue - the staff handbook is causing confusion across two departments.,OTHER
Please look into this. the payment reconciliation job drops records without logging anything. I raised it with my line manager and nothing changed.,TECHNICAL
Please look into this. a facilities tender was decided after a weekend trip paid by the supplier. It started after the reorganisation in the spring.,CORRUPTION
I want to report that the payment reconciliation job returns duplicated rows for some accounts. Several people on the team have noticed the same thing.,TECHNICAL
I need to raise a concern: the canteen supplier has not been updated since the merger. This has been going on for several weeks.,OTHER
I need to raise a concern: the customer data export is still active for someone who left last year. I am reporting this anonymously because I am worried about retaliation.,SECURITY
Please look into this. the recycling contract is causing confusion across two departments. I raised it with my line manager and nothing changed.,OTHER
Reporting an issue - an unencrypted backup was posted to a group anyone can join. I am reporting this anonymously because I am worried about retaliation.,SECURITY
"The invoice generator rounds every line up, which over a year adds up to a lot of money going to the wrong place. It might be deliberate.",TECHNICAL
I want to report that a team lead keeps making comments about a colleague's appearance. This has been going on for several weeks.,HARASSMENT
Reporting an issue - the procurement process was awarded without any tender process. This has been going on for several weeks.,CORRUPTION
The signing certificate is still active for someone who left last year. I have screenshots but I am not comfortable attaching them.,SECURITY
Please look into this. our overtime recording seems to be applied differently depending on the team. I have screenshots but I am not comfortable attaching them.,OTHER
I want to report that an administrator password is still active for someone who left last year. I have screenshots but I am not comfortable attaching them.,SECURITY
I want to report that the recycling contract is causing confusion across two departments. I am reporting this anonymously because I am worried about retaliation.,OTHER
I want to report that the invoice generator shows stale numbers after every deployment.,TECHNICAL
Please look into this. the order processing queue returns duplicated rows for some accounts. I am reporting this anonymously because I am worried about retaliation.,TECHNICAL
Please look into this. a consultancy invoice was awarded without any tender process. This has been going on for several weeks.,CORRUPTION
Someone keeps changing the rota after it is published and will not say who authorised it.,OTHER
The payment reconciliation job shows stale numbers after every deployment. This has been going on for several weeks.,TECHNICAL
Reporting an issue - our overtime recording is causing confusion across two departments.,OTHER
I want to report that the customer search page has been failing silently every night for two weeks. This has been going on for several weeks.,TECHNICAL
Please look into this. the staff handbook is causing confusion across two departments.,OTHER
I want to report that an unencrypted backup was left readable on a shared drive. I raised it with my line manager and nothing changed.,SECURITY
Reporting an issue - the payment reconciliation job produces totals that do not match the ledger. I am reporting this anonymously because I am worried about retaliation.,TECHNICAL
The recycling contract was changed without anyone being consulted. I have screenshots but I am not comfortable attaching them.,OTHER
Please look into this. production database credentials was left readable on a shared drive. I raised it with my line manager and nothing changed.,SECURITY
Production database credentials is being shared in a public chat channel.,SECURITY
I want to report that the nightly export produces totals that do not match the ledger. I am reporting this anonymously because I am worried about retaliation.,TECHNICAL
Please look into this. the staff handbook has not been updated since the merger.,OTHER
Reporting an issue - a supplier contract went to a company owned by a relative of the approver. I raised it with my line manager and nothing changed.,CORRUPTION
Please look into this. an administrator password has been reused across three separate systems. I am reporting this anonymously because I am worried about retaliation.,SECURITY
Please look into this. the procurement process was signed off twice for the same work. It started after the reorganisation in the spring.,CORRUPTION
The signing certificate is being shared in a public chat channel.,SECURITY
Reporting an issue - a team lead keeps making comments about a colleague's appearance.,HARASSMENT
Reporting an issue - the payment reconciliation job returns duplicated rows for some accounts. This has been going on for several weeks.,TECHNICAL
I want to report that a senior manager keeps making comments about a colleague's appearance. This has been going on for several weeks.,HARASSMENT
A shared service account has not been rotated since the last incident. I raised it with my line manager and nothing changed.,SECURITY
I need to raise a concern: a parking allocation contradicts the policy published on the intranet. I raised it with my line manager and nothing changed.,OTHER
The reporting dashboard returns duplicated rows for some accounts. This has been going on for several weeks.,TECHNICAL
I want to report that a supplier contract was decided after a weekend trip paid by the supplier.,CORRUPTION
I want to report that a consultancy invoice was signed off twice for the same work. I am reporting this anonymously because I am worried about retaliation.,CORRUPTION
I need to raise a concern: a shared service account was left readable on a shared drive. I am reporting this anonymously because I am worried about retaliation.,SECURITY
The signing certificate was left readable on a shared drive. I have screenshots but I am not comfortable attaching them.,SECURITY
Reporting an issue - the staff handbook is causing confusion across two departments. Several people on the team have noticed the same thing.,OTHER
Please look into this. an unencrypted backup is still active for someone who left last year. I am reporting this anonymously because I am worried about retaliation.,SECURITY
Reporting an issue - the payment reconciliation job drops records without logging anything. Several people on the team have noticed the same thing.,TECHNICAL
I want to report that the payment reconciliation job shows stale numbers after every deployment. It started after the reorganisation in the spring.,TECHNICAL
Reporting an issue - the recycling contract has not been updated since the merger. Several people on the team have noticed the same thing.,OTHER
The staff handbook has not been updated since the merger. I raised it with my line manager and nothing changed.,OTHER
Reporting an issue - the recycling contract has not been updated since the merger. I raised it with my line manager and nothing changed.,OTHER
I need to raise a concern: an expense claim was awarded without any tender process.,CORRUPTION
Reporting an issue - a shared service account is still active for someone who left last year. It started after the reorganisation in the spring.,SECURITY
Please look into this. the customer search page shows stale numbers after every deployment. This has been going on for several weeks.,TECHNICAL
I want to report that the recycling contract seems to be applied differently depending on the team. I am reporting this anonymously because I am worried about retaliation.,OTHER
I need to raise a concern: a parking allocation contradicts the policy published on the intranet. It started after the reorganisation in the spring.,OTHER
An administrator password is still active for someone who left last year. Several people on the team have noticed the same thing.,SECURITY
A facilities tender was decided after a weekend trip paid by the supplier. It started after the reorganisation in the spring.,CORRUPTION
Please look into this. someone on the operations floor has threatened people's shifts when they disagree. I raised it with my line manager and nothing changed.,HARASSMENT
I need to raise a concern: the staff handbook does not match what staff were told at the last briefing.,OTHER
Reporting an issue - production database credentials was left readable on a shared drive. Several people on the team have noticed the same thing.,SECURITY
I want to report that an unencrypted backup is being shared in a public chat channel. It started after the reorganisation in the spring.,SECURITY
I need to raise a concern: someone on the operations floor excludes one person from every meeting deliberately. I raised it with my line manager and nothing changed.,HARASSMENT
An administrator password is still active for someone who left last year. I am reporting this anonymously because I am worried about retaliation.,SECURITY
Reporting an issue - a parking allocation seems to be applied differently depending on the team. It started after the reorganisation in the spring.,OTHER
Please look into this. the building access policy is causing confusion across two departments. It started after the reorganisation in the spring.,OTHER
The customer data export is still active for someone who left last year. I raised it with my line manager and nothing changed.,SECURITY
The building access policy was changed without anyone being consulted. I raised it with my line manager and nothing changed.,OTHER
Please look into this. a shared service account was left readable on a shared drive. I have screenshots but I am not comfortable attaching them.,SECURITY
Please look into this. a supplier contract went to a company owned by a relative of the approver.,CORRUPTION
Reporting an issue - a member of the leadership team has threatened people's shifts when they disagree. I raised it with my line manager and nothing changed.,HARASSMENT
"Expenses are approved by whoever is on shift rather than a manager, so people effectively sign off their own claims.",CORRUPTION
Reporting an issue - our overtime recording was changed without anyone being consulted. I have screenshots but I am not comfortable attaching them.,OTHER
I need to raise a concern: the reporting dashboard shows stale numbers after every deployment.,TECHNICAL
The customer search page produces totals that do not match the ledger. I raised it with my line manager and nothing changed.,TECHNICAL
I need to raise a concern: access logs for the payments system was posted to a group anyone can join.,SECURITY
Reporting an issue - a member of the leadership team shouts at junior staff in front of the team. It started after the reorganisation in the spring.,HARASSMENT
I need to raise a concern: the invoice generator produces totals that do not match the ledger. Several people on the team have noticed the same thing.,TECHNICAL
Reporting an issue - a facilities tender went to a company owned by a relative of the approver.,CORRUPTION
Reporting an issue - our overtime recording was changed without anyone being consulted. I raised it with my line manager and nothing changed.,OTHER
Production database credentials has not been rotated since the last incident.,SECURITY
"The access control list on the reporting dashboard resets every deployment, so for about an hour anyone in the company can see payroll figures. I think it is a bug rather than anything deliberate.",TECHNICAL
I need to raise a concern: the canteen supplier seems to be applied differently depending on the team. This has been going on for several weeks.,OTHER
Reporting an issue - the order processing queue times out whenever the queue goes above a thousand items. I am reporting this anonymously because I am worried about retaliation.,TECHNICAL
I want to report that the canteen supplier contradicts the policy published on the intranet. I raised it with my line manager and nothing changed.,OTHER
Access logs for the payments system was posted to a group anyone can join. It started after the reorganisation in the spring.,SECURITY
Our overtime recording contradicts the policy published on the intranet. I am reporting this anonymously because I am worried about retaliation.,OTHER
I need to raise a concern: the customer search page drops records without logging anything. I am reporting this anonymously because I am worried about retaliation.,TECHNICAL
The payment reconciliation job has been failing silently every night for two weeks. It started after the reorganisation in the spring.,TECHNICAL
I need to raise a concern: the vendor selection was split into smaller amounts to stay under the approval limit. It started after the reorganisation in the spring.,CORRUPTION
I want to report that a senior manager has been singling out one colleague for months. This has been going on for several weeks.,HARASSMENT
I want to report that the reporting dashboard drops records without logging anything.,TECHNICAL
Reporting an issue - our overtime recording is causing confusion across two departments. I raised it with my line manager and nothing changed.,OTHER
The canteen supplier does not match what staff were told at the last briefing. I have screenshots but I am not comfortable attaching them.,OTHER
I need to raise a concern: production database credentials has not been rotated since the last incident. Several people on the team have noticed the same thing.,SECURITY
I need to raise a concern: the canteen supplier does not match what staff were told at the last briefing. Several people on the team have noticed the same thing.,OTHER
Please look into this. the signing certificate is being shared in a public chat channel. This has been going on for several weeks.,SECURITY
Please look into this. a parking allocation does not match what staff were told at the last briefing. I raised it with my line manager and nothing changed.,OTHER
I need to raise a concern: a team lead repeatedly makes demeaning remarks in team meetings. It started after the reorganisation in the spring.,HARASSMENT
Reporting an issue - a consultancy invoice was decided after a weekend trip paid by the supplier. Several people on the team have noticed the same thing.,CORRUPTION
I want to report that an administrator password is being shared in a public chat channel. Several people on the team have noticed the same thing.,SECURITY
I need to raise a concern: the recycling contract is causing confusion across two departments. I raised it with my line manager and nothing changed.,OTHER
The internal API keys has not been rotated since the last incident. Several people on the team have noticed the same thing.,SECURITY
I need to raise a concern: a shared service account was left readable on a shared drive. I raised it with my line manager and nothing changed.,SECURITY
I want to report that the vendor selection went to a company owned by a relative of the approver.,CORRUPTION
Reporting an issue - the vendor selection was awarded without any tender process. Several people on the team have noticed the same thing.,CORRUPTION
Please look into this. the staff handbook seems to be applied differently depending on the team.,OTHER
Please look into this. our overtime recording seems to be applied differently depending on the team. I have screenshots but I am not comfortable attaching them.,OTHER
I need to raise a concern: our overtime recording does not match what staff were told at the last briefing. I have screenshots but I am not comfortable attaching them.,OTHER
I need to raise a concern: the recycling contract has not been updated since the merger. I raised it with my line manager and nothing changed.,OTHER
Reporting an issue - a supervisor on the night shift has threatened people's shifts when they disagree. Several people on the team have noticed the same thing.,HARASSMENT
I want to report that production database credentials was left readable on a shared drive.,SECURITY
The nightly export returns duplicated rows for some accounts. It started after the reorganisation in the spring.,TECHNICAL
An unencrypted backup has not been rotated since the last incident. This has been going on for several weeks.,SECURITY
Reporting an issue - the nightly export shows stale numbers after every deployment. I am reporting this anonymously because I am worried about retaliation.,TECHNICAL
The invoice generator shows stale numbers after every deployment. I am reporting this anonymously because I am worried about retaliation.,TECHNICAL
Reporting an issue - a parking allocation was changed without anyone being consulted. It started after the reorganisation in the spring.,OTHER
A team lead shouts at junior staff in front of the team. Several people on the team have noticed the same thing.,HARASSMENT
Please look into this. the canteen supplier is causing confusion across two departments. I raised it with my line manager and nothing changed.,OTHER
I want to report that a shared service account was posted to a group anyone can join. Several people on the team have noticed the same thing.,SECURITY
Please look into this. production database credentials is being shared in a public chat channel. This has been going on for several weeks.,SECURITY
Reporting an issue - production database credentials was posted to a group anyone can join.,SECURITY
Please look into this. our overtime recording has not been updated since the merger. Several people on the team have noticed the same thing.,OTHER
Reporting an issue - an expense claim was awarded without any tender process. Several people on the team have noticed the same thing.,CORRUPTION
I need to raise a concern: a parking allocation seems to be applied differently depending on the team. This has been going on for several weeks.,OTHER
I need to raise a concern: the recycling contract contradicts the policy published on the intranet. I raised it with my line manager and nothing changed.,OTHER
Reporting an issue - access logs for the payments system is being shared in a public chat channel. I have screenshots but I am not comfortable attaching them.,SECURITY
I want to report that the building access policy does not match what staff were told at the last briefing. Several people on the team have noticed the same thing.,OTHER
The invoice generator times out whenever the queue goes above a thousand items. I have screenshots but I am not comfortable attaching them.,TECHNICAL
I want to report that an unencrypted backup has been reused across three separate systems. This has been going on for several weeks.,SECURITY
I need to raise a concern: the payment reconciliation job returns duplicated rows for some accounts. This has been going on for several weeks.,TECHNICAL
I want to report that the customer search page times out whenever the queue goes above a thousand items. It started after the reorganisation in the spring.,TECHNICAL
Reporting an issue - access logs for the payments system was posted to a group anyone can join. This has been going on for several weeks.,SECURITY
Please look into this. the invoice generator drops records without logging anything. I have screenshots but I am not comfortable attaching them.,TECHNICAL
I want to report that production database credentials has been reused across three separate systems. I have screenshots but I am not comfortable attaching them.,SECURITY
Please look into this. production database credentials is being shared in a public chat channel. It started after the reorganisation in the spring.,SECURITY
Please look into this. an unencrypted backup was posted to a group anyone can join. I am reporting this anonymously because I am worried about retaliation.,SECURITY
Please look into this. the order processing queue returns duplicated rows for some accounts.,TECHNICAL
Reporting an issue - the order processing queue shows stale numbers after every deployment.,TECHNICAL
I want to report that an administrator password is being shared in a public chat channel. This has been going on for several weeks.,SECURITY
I need to raise a concern: the customer search page shows stale numbers after every deployment. I have screenshots but I am not comfortable attaching them.,TECHNICAL
I need to raise a concern: the invoice generator times out whenever the queue goes above a thousand items. I raised it with my line manager and nothing changed.,TECHNICAL
I need to raise a concern: production database credentials was left readable on a shared drive.,SECURITY
Reporting an issue - a senior manager shouts at junior staff in front of the team. Several people on the team have noticed the same thing.,HARASSMENT
Please look into this. the customer data export was posted to a group anyone can join.,SECURITY
The internal API keys was posted to a group anyone can join. I have screenshots but I am not comfortable attaching them.,SECURITY
I want to report that the building access policy seems to be applied differently depending on the team. Several people on the team have noticed the same thing.,OTHER
Reporting an issue - the customer search page has been failing silently every night for two weeks. I am reporting this anonymously because I am worried about retaliation.,TECHNICAL
Please look into this. a colleague in my department shouts at junior staff in front of the team. This has been going on for several weeks.,HARASSMENT
I want to report that the internal API keys has been reused across three separate systems. I raised it with my line manager and nothing changed.,SECURITY
Reporting an issue - the payment reconciliation job times out whenever the queue goes above a thousand items. It started after the reorganisation in the spring.,TECHNICAL
Reporting an issue - the payment reconciliation job returns duplicated rows for some accounts.,TECHNICAL
Reporting an issue - an unencrypted backup was posted to a group anyone can join. I raised it with my line manager and nothing changed.,SECURITY
Reporting an issue - a consultancy invoice went to a company owned by a relative of the approver. I raised it with my line manager and nothing changed.,CORRUPTION
Reporting an issue - a supervisor on the night shift has threatened people's shifts when they disagree. This has been going on for several weeks.,HARASSMENT
Reporting an issue - the procurement process was decided after a weekend trip paid by the supplier. I am reporting this anonymously because I am worried about retaliation.,CORRUPTION
Please look into this. the payment reconciliation job drops records without logging anything.,TECHNICAL
Please look into this. access logs for the payments system was posted to a group anyone can join. I have screenshots but I am not comfortable attaching them.,SECURITY
I want to report that the procurement process was approved without receipts or any second signature. Several people on the team have noticed the same thing.,CORRUPTION
I need to raise a concern: the signing certificate is being shared in a public chat channel. I have screenshots but I am not comfortable attaching them.,SECURITY
Please look into this. access logs for the payments system was posted to a group anyone can join.,SECURITY
Reporting an issue - a team lead has been singling out one colleague for months. Several people on the team have noticed the same thing.,HARASSMENT
Reporting an issue - the signing certificate has not been rotated since the last incident. I have screenshots but I am not comfortable attaching them.,SECURITY
Please look into this. the signing certificate was posted to a group anyone can join. It started after the reorganisation in the spring.,SECURITY
Production database credentials has not been rotated since the last incident. I am reporting this anonymously because I am worried about retaliation.,SECURITY
I want to report that a senior manager repeatedly makes demeaning remarks in team meetings. It started after the reorganisation in the spring.,HARASSMENT
A member of the leadership team has been singling out one colleague for months. Several people on the team have noticed the same thing.,HARASSMENT
I need to raise a concern: an unencrypted backup has not been rotated since the last incident. I raised it with my line manager and nothing changed.,SECURITY
Reporting an issue - the customer data export is being shared in a public chat channel. I have screenshots but I am not comfortable attaching them.,SECURITY
Someone on the operations floor keeps making comments about a colleague's appearance. This has been going on for several weeks.,HARASSMENT
Reporting an issue - a senior manager repeatedly makes demeaning remarks in team meetings. I am reporting this anonymously because I am worried about retaliation.,HARASSMENT
I want to report that the canteen supplier has not been updated since the merger. I have screenshots but I am not comfortable attaching them.,OTHER
Please look into this. a senior manager keeps making comments about a colleague's appearance. I am reporting this anonymously because I am worried about retaliation.,HARASSMENT
Please look into this. the signing certificate has not been rotated since the last incident.,SECURITY
I need to raise a concern: the reporting dashboard returns duplicated rows for some accounts. I am reporting this anonymously because I am worried about retaliation.,TECHNICAL
I want to report that the signing certificate is still active for someone who left last year. Several people on the team have noticed the same thing.,SECURITY
"The vendor was given an administrator account on our systems as part of the contract, and the contract itself was never put out to tender.",CORRUPTION
Please look into this. the signing certificate has not been rotated since the last incident. It started after the reorganisation in the spring.,SECURITY
I need to raise a concern: a colleague in my department has threatened people's shifts when they disagree. Several people on the team have noticed the same thing.,HARASSMENT
I need to raise a concern: the staff handbook is causing confusion across two departments. I have screenshots but I am not comfortable attaching them.,OTHER
Please look into this. the recycling contract is causing confusion across two departments. Several people on the team have noticed the same thing.,OTHER
I want to report that access logs for the payments system was posted to a group anyone can join. This has been going on for several weeks.,SECURITY
A manager asked me to share my login so they could approve their own expense claim while the approver was away. I did not do it but I think it has happened before with someone else.,SECURITY
Reporting an issue - a team lead has threatened people's shifts when they disagree. I have screenshots but I am not comfortable attaching them.,HARASSMENT
"Someone from the supplier still has a badge for the server room months after the contract ended, and nobody will say who authorised it.",SECURITY
Reporting an issue - a parking allocation does not match what staff were told at the last briefing. I raised it with my line manager and nothing changed.,OTHER
The signing certificate is still active for someone who left last year. I raised it with my line manager and nothing changed.,SECURITY
Reporting an issue - the staff handbook seems to be applied differently depending on the team. It started after the reorganisation in the spring.,OTHER
I want to report that the building access policy contradicts the policy published on the intranet. It started after the reorganisation in the spring.,OTHER
Reporting an issue - the internal API keys was left readable on a shared drive. I raised it with my line manager and nothing changed.,SECURITY
Reporting an issue - a parking allocation seems to be applied differently depending on the team. I am reporting this anonymously because I am worried about retaliation.,OTHER
A team lead has been singling out one colleague for months. It started after the reorganisation in the spring.,HARASSMENT
Please look into this. the invoice generator has been failing silently every night for two weeks. I am reporting this anonymously because I am worried about retaliation.,TECHNICAL
A manager asked me to share my login so they could approve their own expense claim while the approver was away. I did not do it but I think it has happened before with someone else.,SECURITY
I need to raise a concern: a consultancy invoice was decided after a weekend trip paid by the supplier. I am reporting this anonymously because I am worried about retaliation.,CORRUPTION
The payment reconciliation job times out whenever the queue goes above a thousand items. This has been going on for several weeks.,TECHNICAL
I need to raise a concern: our overtime recording seems to be applied differently depending on the team.,OTHER
Please look into this. the nightly export returns duplicated rows for some accounts. It started after the reorganisation in the spring.,TECHNICAL
The signing certificate has been reused across three separate systems. Several people on the team have noticed the same thing.,SECURITY
The customer data export was posted to a group anyone can join. I raised it with my line manager and nothing changed.,SECURITY
A supplier contract went to a company owned by a relative of the approver. I have screenshots but I am not comfortable attaching them.,CORRUPTION
I want to report that the building access policy contradicts the policy published on the intranet. I am reporting this anonymously because I am worried about retaliation.,OTHER
I need to raise a concern: the internal API keys was left readable on a shared drive. It started after the reorganisation in the spring.,SECURITY
"The vendor was given an administrator account on our systems as part of the contract, and the contract itself was never put out to tender.",CORRUPTION
Production database credentials was left readable on a shared drive. I have screenshots but I am not comfortable attaching them.,SECURITY
I want to report that the internal API keys has not been rotated since the last incident. Several people on the team have noticed the same thing.,SECURITY
I need to raise a concern: a facilities tender went to a company owned by a relative of the approver. Several people on the team have noticed the same thing.,CORRUPTION
Reporting an issue - the signing certificate was posted to a group anyone can join. This has been going on for several weeks.,SECURITY
The building access policy does not match what staff were told at the last briefing. I have screenshots but I am not comfortable attaching them.,OTHER
I want to report that the canteen supplier has not been updated since the merger. This has been going on for several weeks.,OTHER
A parking allocation seems to be applied differently depending on the team. Several people on the team have noticed the same thing.,OTHER
Please look into this. the staff handbook has not been updated since the merger. I have screenshots but I am not comfortable attaching them.,OTHER
I need to raise a concern: a member of the leadership team shouts at junior staff in front of the team. It started after the reorganisation in the spring.,HARASSMENT
An administrator password is being shared in a public chat channel. It started after the reorganisation in the spring.,SECURITY
Please look into this. the reporting dashboard times out whenever the queue goes above a thousand items. Several people on the team have noticed the same thing.,TECHNICAL
Please look into this. a senior manager has threatened people's shifts when they disagree.,HARASSMENT
Reporting an issue - production database credentials has not been rotated since the last incident. I am reporting this anonymously because I am worried about retaliation.,SECURITY
Please look into this. a colleague in my department has been singling out one colleague for months. Several people on the team have noticed the same thing.,HARASSMENT
"The access control list on the reporting dashboard resets every deployment, so for about an hour anyone in the company can see payroll figures. I think it is a bug rather than anything deliberate.",TECHNICAL
Please look into this. the customer search page returns duplicated rows for some accounts. I am reporting this anonymously because I am worried about retaliation.,TECHNICAL
Reporting an issue - a supplier contract went to a company owned by a relative of the approver. I raised it with my line manager and nothing changed.,CORRUPTION
Please look into this. the reporting dashboard times out whenever the queue goes above a thousand items.,TECHNICAL
The reporting dashboard shows stale numbers after every deployment. Several people on the team have noticed the same thing.,TECHNICAL
The signing certificate is still active for someone who left last year. I have screenshots but I am not comfortable attaching them.,SECURITY
Please look into this. an unencrypted backup has not been rotated since the last incident.,SECURITY
Our overtime recording does not match what staff were told at the last briefing. Several people on the team have noticed the same thing.,OTHER
I need to raise a concern: the nightly export produces totals that do not match the ledger. I am reporting this anonymously because I am worried about retaliation.,TECHNICAL
Please look into this. an unencrypted backup was posted to a group anyone can join. I am reporting this anonymously because I am worried about retaliation.,SECURITY
I need to raise a concern: the nightly export returns duplicated rows for some accounts.,TECHNICAL
I need to raise a concern: a colleague in my department has been singling out one colleague for months. I raised it with my line manager and nothing changed.,HARASSMENT
Reporting an issue - a supervisor on the night shift shouts at junior staff in front of the team. I raised it with my line manager and nothing changed.,HARASSMENT
A parking allocation has not been updated since the merger. Several people on the team have noticed the same thing.,OTHER
Reporting an issue - a team lead repeatedly makes demeaning remarks in team meetings. I raised it with my line manager and nothing changed.,HARASSMENT
I need to raise a concern: an expense claim was split into smaller amounts to stay under the approval limit. I am reporting this anonymously because I am worried about retaliation.,CORRUPTION
I need to raise a concern: a shared service account has not been rotated since the last incident. I raised it with my line manager and nothing changed.,SECURITY
I need to raise a concern: the procurement process went to a company owned by a relative of the approver. Several people on the team have noticed the same thing.,CORRUPTION
Please look into this. a member of the leadership team has been singling out one colleague for months. I raised it with my line manager and nothing changed.,HARASSMENT
Please look into this. the building access policy has not been updated since the merger. I have screenshots but I am not comfortable attaching them.,OTHER
Reporting an issue - production database credentials is still active for someone who left last year. I am reporting this anonymously because I am worried about retaliation.,SECURITY
A shared service account has been reused across three separate systems. I have screenshots but I am not comfortable attaching them.,SECURITY
I need to raise a concern: a facilities tender was signed off twice for the same work. It started after the reorganisation in the spring.,CORRUPTION
Please look into this. the signing certificate is still active for someone who left last year. This has been going on for several weeks.,SECURITY
I need to raise a concern: the signing certificate was left readable on a shared drive. I have screenshots but I am not comfortable attaching them.,SECURITY
I need to raise a concern: a shared service account has been reused across three separate systems. It started after the reorganisation in the spring.,SECURITY
The customer data export has not been rotated since the last incident.,SECURITY
The internal API keys was left readable on a shared drive. I am reporting this anonymously because I am worried about retaliation.,SECURITY
Reporting an issue - the staff handbook was changed without anyone being consulted. I am reporting this anonymously because I am worried about retaliation.,OTHER
I need to raise a concern: the staff handbook contradicts the policy published on the intranet.,OTHER
I need to raise a concern: a member of the leadership team excludes one person from every meeting deliberately. It started after the reorganisation in the spring.,HARASSMENT
My team lead keeps reading other people's messages over their shoulder and then bringing up what he saw in meetings to embarrass them.,HARASSMENT
Please look into this. the reporting dashboard has been failing silently every night for two weeks. It started after the reorganisation in the spring.,TECHNICAL
